store_id,hrs_since_update,velocity_per_day,store_rejection_rate,cancelled_for_stock
S4,1.3,26.0,0.06,0
S4,4.4,37.0,0.06,1
S4,4.1,32.0,0.06,0
S4,1.6,39.0,0.06,1
S1,6.6,9.0,0.14,0
S1,1.6,22.0,0.14,0
S1,1.5,23.0,0.14,0
S4,1.4,25.0,0.06,0
S2,2.3,16.0,0.04,0
S3,2.3,4.0,0.09,0
S4,1.4,10.0,0.06,0
S2,1.5,25.0,0.04,0
S4,0.9,38.0,0.06,0
S1,2.8,29.0,0.14,1
S4,0.2,3.0,0.06,0
S4,1.9,18.0,0.06,0
S4,0.9,15.0,0.06,0
S4,0.0,24.0,0.06,0
S4,0.5,18.0,0.06,0
S1,7.4,5.0,0.14,0
S1,3.6,8.0,0.14,0
S4,7.6,10.0,0.06,0
S3,0.3,37.0,0.09,0
S2,0.4,32.0,0.04,0
S4,1.6,39.0,0.06,0
S2,2.0,33.0,0.04,0
S2,0.2,27.0,0.04,0
S4,0.8,5.0,0.06,0
S1,8.4,31.0,0.14,1
S3,0.1,29.0,0.09,0
S1,3.2,3.0,0.14,0
S1,18.7,35.0,0.14,1
S1,11.2,9.0,0.14,0
S1,2.9,13.0,0.14,0
S4,1.9,31.0,0.06,0
S1,2.8,37.0,0.14,0
S3,3.9,10.0,0.09,0
S4,2.1,25.0,0.06,0
S3,1.4,34.0,0.09,0
S2,0.4,35.0,0.04,0
S4,0.6,24.0,0.06,0
S1,0.8,26.0,0.14,0
S4,1.1,34.0,0.06,0
S1,1.3,27.0,0.14,0
S1,14.7,22.0,0.14,0
S1,6.9,23.0,0.14,1
S1,3.9,19.0,0.14,0
S2,0.5,6.0,0.04,0
S4,0.3,16.0,0.06,0
S4,1.8,38.0,0.06,0
S3,1.1,40.0,0.09,0
S1,0.8,34.0,0.14,0
S1,12.5,3.0,0.14,0
S2,1.6,11.0,0.04,0
S3,1.4,10.0,0.09,0
S1,0.6,24.0,0.14,0
S1,2.6,28.0,0.14,0
S3,6.3,9.0,0.09,0
S3,18.7,40.0,0.09,0
S4,0.8,32.0,0.06,0
S4,0.4,4.0,0.06,0
S2,1.8,40.0,0.04,0
S4,0.8,8.0,0.06,0
S3,1.5,13.0,0.09,0
S2,1.9,24.0,0.04,0
S2,1.7,11.0,0.04,0
S2,1.0,10.0,0.04,0
S4,0.0,27.0,0.06,0
S1,8.5,30.0,0.14,0
S3,6.2,26.0,0.09,1
S3,3.1,9.0,0.09,0
S4,0.9,3.0,0.06,0
S2,1.4,17.0,0.04,0
S2,1.7,36.0,0.04,0
S4,0.1,29.0,0.06,0
S2,2.8,34.0,0.04,0
S1,7.3,18.0,0.14,0
S2,0.2,23.0,0.04,0
S2,1.7,34.0,0.04,0
S2,0.5,22.0,0.04,0
S3,2.1,33.0,0.09,0
S1,2.4,13.0,0.14,0
S2,1.2,13.0,0.04,0
S2,2.4,16.0,0.04,0
S1,3.5,14.0,0.14,0
S2,0.3,4.0,0.04,0
S1,1.0,26.0,0.14,0
S1,9.0,10.0,0.14,1
S1,3.2,19.0,0.14,1
S2,1.2,28.0,0.04,0
S4,1.3,25.0,0.06,0
S1,0.1,35.0,0.14,0
S4,0.5,28.0,0.06,0
S4,0.1,17.0,0.06,0
S3,2.4,35.0,0.09,0
S2,0.8,39.0,0.04,0
S3,3.4,28.0,0.09,0
S2,1.0,5.0,0.04,0
S4,0.9,10.0,0.06,0
S4,0.4,14.0,0.06,0
S2,0.9,3.0,0.04,0
S4,0.6,34.0,0.06,0
S2,1.5,19.0,0.04,0
S2,2.8,7.0,0.04,0
S3,0.9,29.0,0.09,0
S3,1.8,18.0,0.09,0
S4,0.8,10.0,0.06,0
S1,2.3,15.0,0.14,0
S3,1.0,4.0,0.09,0
S4,0.3,34.0,0.06,0
S1,7.3,16.0,0.14,0
S1,1.7,8.0,0.14,0
S3,2.0,27.0,0.09,0
S3,2.8,9.0,0.09,0
S4,1.2,30.0,0.06,0
S2,1.9,7.0,0.04,0
S3,0.2,8.0,0.09,0
S2,0.8,38.0,0.04,0
S4,2.5,22.0,0.06,0
S2,5.6,33.0,0.04,0
S3,2.0,27.0,0.09,0
S1,8.2,38.0,0.14,1
S3,0.2,12.0,0.09,0
S2,0.2,18.0,0.04,0
S3,0.5,37.0,0.09,0
S3,3.2,13.0,0.09,0
S4,0.1,20.0,0.06,0
S4,1.0,40.0,0.06,0
S1,0.3,38.0,0.14,0
S4,1.3,38.0,0.06,0
S2,2.0,18.0,0.04,0
S4,1.0,28.0,0.06,0
S1,5.2,20.0,0.14,0
S2,0.6,20.0,0.04,0
S3,2.9,12.0,0.09,0
S4,0.4,11.0,0.06,0
S2,1.0,13.0,0.04,0
S1,1.2,27.0,0.14,0
S1,27.6,5.0,0.14,0
S1,10.0,12.0,0.14,0
S3,0.1,23.0,0.09,0
S1,0.2,10.0,0.14,0
S3,0.1,29.0,0.09,0
S1,2.5,18.0,0.14,0
S3,0.1,26.0,0.09,0
S1,1.2,27.0,0.14,0
S4,0.7,12.0,0.06,0
S4,0.0,6.0,0.06,0
S2,0.6,29.0,0.04,0
S4,0.0,10.0,0.06,0
S4,0.3,35.0,0.06,1
S2,0.2,33.0,0.04,0
S3,2.4,35.0,0.09,0
S2,1.4,29.0,0.04,0
S1,9.4,21.0,0.14,0
S4,0.5,14.0,0.06,0
S2,0.9,18.0,0.04,0
S1,15.6,30.0,0.14,1
S4,1.2,8.0,0.06,0
S4,1.4,30.0,0.06,0
S3,6.2,25.0,0.09,0
S1,4.4,24.0,0.14,0
S3,5.1,9.0,0.09,0
S2,2.1,37.0,0.04,0
S3,2.4,7.0,0.09,0
S3,0.8,39.0,0.09,0
S4,2.2,20.0,0.06,0
S1,3.2,25.0,0.14,0
S2,1.3,3.0,0.04,0
S4,0.2,37.0,0.06,0
S1,0.3,14.0,0.14,0
S4,0.6,8.0,0.06,0
S4,1.0,35.0,0.06,0
S3,3.0,22.0,0.09,0
S3,2.6,8.0,0.09,0
S3,2.0,39.0,0.09,0
S2,0.1,25.0,0.04,0
S2,0.0,22.0,0.04,0
S1,7.5,34.0,0.14,0
S2,0.4,17.0,0.04,0
S2,0.4,32.0,0.04,0
S4,4.5,24.0,0.06,0
S3,5.4,4.0,0.09,0
S4,3.8,31.0,0.06,0
S4,0.6,14.0,0.06,0
S3,8.1,36.0,0.09,0
S1,6.4,27.0,0.14,0
S1,18.3,13.0,0.14,0
S2,1.2,4.0,0.04,0
S4,1.2,28.0,0.06,0
S4,1.1,11.0,0.06,0
S3,3.1,33.0,0.09,0
S3,1.5,14.0,0.09,0
S1,12.3,3.0,0.14,1
S2,0.0,17.0,0.04,0
S3,0.5,26.0,0.09,0
S2,0.2,30.0,0.04,0
S2,3.1,32.0,0.04,0
S2,0.0,9.0,0.04,0
S4,0.6,3.0,0.06,0
S2,1.7,3.0,0.04,0
S3,0.1,23.0,0.09,0
S4,0.2,22.0,0.06,0
S4,0.7,29.0,0.06,0
S2,4.3,29.0,0.04,0
S1,0.7,31.0,0.14,0
S4,0.7,7.0,0.06,0
S2,0.4,8.0,0.04,0
S3,1.5,19.0,0.09,0
S4,4.4,11.0,0.06,0
S2,0.2,21.0,0.04,0
S1,3.8,14.0,0.14,0
S4,0.9,24.0,0.06,0
S2,0.6,6.0,0.04,0
S1,12.7,23.0,0.14,1
S4,0.4,25.0,0.06,0
S2,1.3,21.0,0.04,0
S3,0.8,26.0,0.09,1
S1,5.5,21.0,0.14,0
S2,0.0,12.0,0.04,0
S2,0.3,21.0,0.04,0
S2,0.9,27.0,0.04,0
S2,2.7,34.0,0.04,0
S1,17.8,3.0,0.14,0
S2,5.3,19.0,0.04,0
S1,0.6,7.0,0.14,0
S3,1.6,33.0,0.09,0
S4,2.0,19.0,0.06,0
S3,1.5,15.0,0.09,0
S1,11.1,19.0,0.14,0
S3,0.7,33.0,0.09,0
S2,0.3,13.0,0.04,0
S4,0.5,38.0,0.06,0
S4,0.6,32.0,0.06,0
S1,5.8,38.0,0.14,0
S4,1.3,13.0,0.06,0
S3,3.9,12.0,0.09,0
S2,0.8,18.0,0.04,0
S3,2.4,11.0,0.09,0
S3,1.1,6.0,0.09,0
S3,0.7,4.0,0.09,0
S2,3.8,35.0,0.04,1
S1,18.7,33.0,0.14,1
S3,0.6,12.0,0.09,1
S1,21.6,7.0,0.14,0
S3,8.5,13.0,0.09,0
S3,1.7,4.0,0.09,0
S1,0.8,26.0,0.14,0
S3,3.6,33.0,0.09,0
S2,1.0,32.0,0.04,0
S1,2.3,19.0,0.14,0
S2,0.4,30.0,0.04,0
S1,0.0,16.0,0.14,0
S4,0.4,19.0,0.06,1
S2,0.4,10.0,0.04,0
S4,0.8,5.0,0.06,0
S4,1.0,8.0,0.06,0
S2,1.8,40.0,0.04,0
S1,2.4,26.0,0.14,0
S1,8.1,36.0,0.14,1
S3,0.7,6.0,0.09,0
S1,24.2,15.0,0.14,0
S3,1.1,20.0,0.09,0
S3,5.6,39.0,0.09,0
S3,2.2,16.0,0.09,0
S2,0.8,30.0,0.04,0
S3,0.1,15.0,0.09,0
S4,0.4,28.0,0.06,0
S2,3.6,32.0,0.04,0
S3,1.0,13.0,0.09,0
S1,1.0,2.0,0.14,0
S2,0.5,3.0,0.04,0
S4,0.7,9.0,0.06,0
S1,7.6,27.0,0.14,0
S4,0.3,12.0,0.06,0
S4,0.6,29.0,0.06,0
S4,2.7,21.0,0.06,0
S4,1.5,15.0,0.06,0
S4,0.7,24.0,0.06,0
S4,0.2,37.0,0.06,0
S3,11.4,36.0,0.09,1
S4,0.0,12.0,0.06,0
S1,0.1,9.0,0.14,0
S2,0.3,8.0,0.04,0
S4,0.8,14.0,0.06,0
S4,9.0,30.0,0.06,0
S1,1.3,27.0,0.14,0
S3,0.2,10.0,0.09,0
S2,0.0,39.0,0.04,0
S2,1.4,2.0,0.04,0
S2,1.4,23.0,0.04,0
S2,0.1,4.0,0.04,0
S2,2.0,29.0,0.04,0
S2,0.3,10.0,0.04,0
S4,3.9,33.0,0.06,1
S4,0.7,7.0,0.06,0
S2,0.7,11.0,0.04,0
S4,1.1,39.0,0.06,0
S1,7.1,16.0,0.14,0
S3,2.9,2.0,0.09,0
S4,1.6,34.0,0.06,0
S3,2.9,20.0,0.09,0
S4,0.0,15.0,0.06,0
S1,29.1,25.0,0.14,1
S1,1.2,31.0,0.14,0
S3,1.5,4.0,0.09,0
S1,7.2,21.0,0.14,0
S4,3.5,40.0,0.06,0
S2,0.2,3.0,0.04,0
S2,2.2,3.0,0.04,0
S1,4.4,27.0,0.14,0
S4,2.2,36.0,0.06,0
S3,2.7,7.0,0.09,0
S4,1.4,35.0,0.06,0
S4,0.1,16.0,0.06,0
S2,1.3,17.0,0.04,0
S1,4.3,13.0,0.14,0
S4,0.1,34.0,0.06,0
S4,0.1,38.0,0.06,0
S2,2.0,11.0,0.04,0
S2,0.0,6.0,0.04,0
S1,6.8,19.0,0.14,0
S2,0.8,26.0,0.04,0
S1,4.8,18.0,0.14,0
S3,2.9,7.0,0.09,1
S2,2.2,26.0,0.04,0
S3,0.1,32.0,0.09,0
S4,1.4,6.0,0.06,0
S3,4.2,2.0,0.09,0
S3,5.8,7.0,0.09,0
S3,5.3,6.0,0.09,0
S1,3.1,32.0,0.14,0
S2,0.3,19.0,0.04,0
S1,2.9,34.0,0.14,0
S1,4.5,40.0,0.14,1
S3,1.5,37.0,0.09,0
S2,0.2,28.0,0.04,0
S3,0.1,16.0,0.09,0
S2,0.6,34.0,0.04,0
S3,0.6,2.0,0.09,0
S4,0.1,2.0,0.06,0
S1,8.0,31.0,0.14,0
S3,10.6,21.0,0.09,0
S2,0.7,14.0,0.04,0
S3,3.4,17.0,0.09,0
S4,2.4,6.0,0.06,0
S1,0.8,31.0,0.14,0
S4,0.8,39.0,0.06,0
S2,0.8,32.0,0.04,0
S2,5.1,14.0,0.04,0
S3,0.8,37.0,0.09,0
S4,0.7,37.0,0.06,0
S1,7.0,5.0,0.14,0
S4,0.7,33.0,0.06,0
S1,10.6,40.0,0.14,0
S1,13.1,2.0,0.14,0
S4,0.3,40.0,0.06,0
S1,4.8,37.0,0.14,0
S2,1.5,32.0,0.04,0
S3,1.0,17.0,0.09,0
S2,2.0,12.0,0.04,0
S3,0.2,4.0,0.09,0
S2,0.1,31.0,0.04,0
S2,0.1,20.0,0.04,0
S4,5.6,29.0,0.06,1
S3,1.3,32.0,0.09,0
S1,1.6,5.0,0.14,0
S3,2.8,18.0,0.09,0
S1,1.5,4.0,0.14,0
S2,0.0,12.0,0.04,0
S2,0.5,10.0,0.04,0
S2,1.8,23.0,0.04,0
S4,0.1,20.0,0.06,0
S1,5.9,15.0,0.14,1
S4,1.7,7.0,0.06,0
S1,2.6,12.0,0.14,0
S2,0.0,36.0,0.04,0
S2,0.4,9.0,0.04,0
S4,0.5,31.0,0.06,0
S2,0.9,40.0,0.04,0
S1,8.4,16.0,0.14,0
S2,0.7,31.0,0.04,0
S4,2.1,37.0,0.06,0
S4,0.4,15.0,0.06,0
S4,0.9,34.0,0.06,0
S1,5.1,25.0,0.14,0
S2,0.2,37.0,0.04,0
S4,0.8,26.0,0.06,0
S3,3.1,12.0,0.09,0
S1,22.8,29.0,0.14,1
S2,1.0,36.0,0.04,0
S1,10.8,25.0,0.14,0
S1,7.7,24.0,0.14,0
S4,1.3,20.0,0.06,0
S2,0.1,15.0,0.04,0
S1,24.7,5.0,0.14,0
S1,4.6,25.0,0.14,0
S2,0.1,15.0,0.04,0
S3,1.4,27.0,0.09,1
S2,0.5,7.0,0.04,0
S3,4.5,25.0,0.09,0
S1,3.0,14.0,0.14,0
S4,0.8,29.0,0.06,0
S3,3.9,3.0,0.09,0
S3,1.8,11.0,0.09,1
S3,0.5,11.0,0.09,0
S2,0.4,11.0,0.04,0
S3,0.8,14.0,0.09,0
S3,4.4,10.0,0.09,0
S2,1.0,2.0,0.04,0
S3,13.6,8.0,0.09,0
S4,0.7,30.0,0.06,0
S1,24.7,35.0,0.14,1
S3,1.2,40.0,0.09,0
S1,0.8,5.0,0.14,0
S3,4.2,34.0,0.09,0
S1,10.4,36.0,0.14,0
S3,2.4,22.0,0.09,0
S3,0.1,3.0,0.09,0
S1,7.3,9.0,0.14,0
S2,0.1,40.0,0.04,0
S4,0.0,30.0,0.06,0
S3,4.0,19.0,0.09,0
S2,0.6,6.0,0.04,0
S4,1.5,29.0,0.06,0
S2,0.0,19.0,0.04,0
S3,2.4,25.0,0.09,0
S3,0.1,25.0,0.09,0
S3,1.8,36.0,0.09,0
S2,0.5,32.0,0.04,0
S4,0.2,4.0,0.06,0
S1,10.5,16.0,0.14,1
S4,0.0,30.0,0.06,0
S3,4.4,14.0,0.09,0
S1,12.5,35.0,0.14,0
S4,1.0,6.0,0.06,0
S4,0.2,25.0,0.06,0
S4,1.0,34.0,0.06,0
S4,0.7,12.0,0.06,0
S2,1.3,31.0,0.04,1
S2,0.2,38.0,0.04,0
S3,0.3,8.0,0.09,0
S2,0.5,24.0,0.04,0
S1,2.4,14.0,0.14,0
S4,1.3,28.0,0.06,0
S3,9.5,28.0,0.09,0
S3,0.9,27.0,0.09,0
S4,1.2,16.0,0.06,0
S2,0.9,26.0,0.04,0
S2,2.9,8.0,0.04,0
S1,8.8,17.0,0.14,0
S2,0.5,23.0,0.04,0
S1,6.9,17.0,0.14,1
S4,0.9,17.0,0.06,0
S3,0.3,22.0,0.09,0
S2,2.1,31.0,0.04,0
S1,2.5,32.0,0.14,0
S3,0.3,36.0,0.09,0
S4,2.0,14.0,0.06,0
S4,0.9,28.0,0.06,0
S2,0.5,21.0,0.04,0
S3,0.1,6.0,0.09,0
S1,3.8,15.0,0.14,0
S3,4.1,39.0,0.09,0
S2,0.4,16.0,0.04,0
S2,2.2,4.0,0.04,0
S3,0.4,18.0,0.09,0
S1,11.5,16.0,0.14,0
S3,2.4,32.0,0.09,0
S1,6.9,16.0,0.14,1
S3,0.8,22.0,0.09,0
S2,2.5,32.0,0.04,0
S4,0.3,20.0,0.06,0
S2,1.5,40.0,0.04,0
S3,0.0,36.0,0.09,0
S2,0.1,24.0,0.04,0
S4,0.3,27.0,0.06,0
S1,2.3,11.0,0.14,0
S1,16.3,30.0,0.14,0
S2,0.4,11.0,0.04,0
S1,2.2,30.0,0.14,0
S4,0.2,16.0,0.06,0
S4,0.7,11.0,0.06,0
S2,0.1,7.0,0.04,0
S2,1.1,39.0,0.04,0
S2,0.3,36.0,0.04,0
S4,1.5,5.0,0.06,0
S2,1.0,3.0,0.04,0
S4,1.1,3.0,0.06,0
S4,3.3,4.0,0.06,0
S2,0.0,18.0,0.04,0
S2,1.8,13.0,0.04,0
S2,0.2,15.0,0.04,0
S3,0.5,24.0,0.09,0
S1,2.3,26.0,0.14,0
S1,7.6,16.0,0.14,0
S2,1.0,26.0,0.04,0
S2,0.5,10.0,0.04,0
S1,6.3,36.0,0.14,0
S3,0.2,12.0,0.09,0
S2,1.7,5.0,0.04,0
S3,0.9,35.0,0.09,0
S4,0.3,37.0,0.06,0
S1,8.9,34.0,0.14,1
S2,0.2,36.0,0.04,0
S4,1.0,15.0,0.06,0
S2,0.5,36.0,0.04,0
S2,1.1,4.0,0.04,0
S4,0.8,12.0,0.06,0
S4,1.1,18.0,0.06,0
S4,0.9,31.0,0.06,0
S1,0.9,17.0,0.14,0
S1,2.8,4.0,0.14,0
S1,9.9,20.0,0.14,0
S2,0.8,11.0,0.04,0
S4,1.0,13.0,0.06,0
S2,0.9,3.0,0.04,0
S4,1.0,28.0,0.06,0
S3,5.4,36.0,0.09,0
S1,0.4,9.0,0.14,0
S4,2.1,31.0,0.06,0
S3,0.5,3.0,0.09,0
S3,1.2,31.0,0.09,1
S4,2.6,23.0,0.06,0
S2,3.7,11.0,0.04,0
S1,12.9,23.0,0.14,0
S2,1.0,13.0,0.04,0
S2,0.2,32.0,0.04,0
S1,3.5,17.0,0.14,0
S1,16.6,16.0,0.14,0
S3,1.2,25.0,0.09,0
S2,1.8,34.0,0.04,0
S2,0.1,36.0,0.04,0
S1,0.2,37.0,0.14,0
S3,1.3,16.0,0.09,0
S4,1.0,39.0,0.06,0
S2,1.7,38.0,0.04,0
S3,3.6,14.0,0.09,0
S1,1.0,26.0,0.14,0
S4,0.1,23.0,0.06,0
S4,1.7,11.0,0.06,0
S2,2.8,29.0,0.04,0
S1,19.2,37.0,0.14,1
S3,0.4,36.0,0.09,0
S4,0.7,33.0,0.06,0
S4,1.2,39.0,0.06,0
S1,4.0,20.0,0.14,1
S4,1.9,12.0,0.06,0
S3,3.6,12.0,0.09,0
S3,0.0,8.0,0.09,0
S2,0.1,9.0,0.04,0
S4,0.5,6.0,0.06,0
S1,0.1,33.0,0.14,0
S4,0.9,29.0,0.06,0
S2,1.1,28.0,0.04,0
S4,2.2,3.0,0.06,0
S4,4.2,37.0,0.06,0
S2,2.5,31.0,0.04,0
S4,0.4,36.0,0.06,0
S1,6.1,3.0,0.14,0
S4,4.3,23.0,0.06,0
S1,7.3,40.0,0.14,0
S3,5.8,6.0,0.09,0
S3,2.0,19.0,0.09,0
S3,1.4,26.0,0.09,0
S1,7.4,29.0,0.14,0
S4,4.8,7.0,0.06,0
S1,1.4,16.0,0.14,0
S2,0.3,31.0,0.04,0
S3,0.1,13.0,0.09,0
S1,21.2,2.0,0.14,0
S1,5.3,29.0,0.14,0
S3,0.3,5.0,0.09,0
S2,0.3,11.0,0.04,0
S3,4.1,10.0,0.09,0
S4,1.6,13.0,0.06,0
S1,10.3,38.0,0.14,0
S3,2.8,36.0,0.09,0
S1,3.4,19.0,0.14,0
S1,0.6,17.0,0.14,0
S1,3.7,25.0,0.14,0
S4,0.6,10.0,0.06,0
S4,3.1,14.0,0.06,0
S1,4.2,3.0,0.14,0
S1,35.5,33.0,0.14,1
S3,2.1,23.0,0.09,0
S2,1.3,34.0,0.04,0
S1,2.9,6.0,0.14,0
S2,0.0,16.0,0.04,0
S4,0.6,32.0,0.06,0
S3,2.2,24.0,0.09,0
S3,1.0,36.0,0.09,0
S4,1.9,26.0,0.06,0
S2,0.7,14.0,0.04,0
S1,16.3,15.0,0.14,0
S1,28.3,7.0,0.14,0
S1,8.1,15.0,0.14,0
S2,0.2,28.0,0.04,0
S4,1.0,27.0,0.06,0
S1,5.1,34.0,0.14,0
S4,4.4,18.0,0.06,0
S1,1.4,7.0,0.14,0
S4,2.1,14.0,0.06,0
S4,2.0,19.0,0.06,0
S3,1.9,18.0,0.09,0
S1,2.1,39.0,0.14,0
S2,0.3,12.0,0.04,0
S2,1.1,29.0,0.04,0
S2,0.7,25.0,0.04,0
S2,2.2,12.0,0.04,0
S2,4.0,8.0,0.04,0
S1,3.0,15.0,0.14,0
S1,7.8,24.0,0.14,0
S4,0.2,20.0,0.06,0
S3,0.3,14.0,0.09,0
S1,0.5,35.0,0.14,0
S2,1.2,20.0,0.04,0
S2,1.3,24.0,0.04,0
S4,0.7,32.0,0.06,0
S3,1.7,39.0,0.09,0
S1,6.8,10.0,0.14,0
S3,2.1,38.0,0.09,0
S3,2.9,6.0,0.09,0
S2,0.2,4.0,0.04,0
S4,1.3,23.0,0.06,0
S4,1.7,4.0,0.06,0
S4,2.4,3.0,0.06,0
S1,4.2,9.0,0.14,0
S4,0.1,14.0,0.06,0
S2,0.0,22.0,0.04,0
S3,0.6,22.0,0.09,0
S3,0.2,5.0,0.09,0
S4,0.0,36.0,0.06,0
S1,0.1,22.0,0.14,0
S2,0.9,7.0,0.04,0
S3,1.5,36.0,0.09,1
S4,0.5,18.0,0.06,0
S2,1.5,29.0,0.04,0
S3,0.0,5.0,0.09,0
S4,1.3,27.0,0.06,0
S3,3.8,9.0,0.09,0
S4,0.1,40.0,0.06,0
S3,2.4,12.0,0.09,0
S4,0.4,30.0,0.06,0
S4,1.9,5.0,0.06,0
S4,0.6,24.0,0.06,0
S3,1.8,5.0,0.09,0
S3,0.2,10.0,0.09,0
S2,0.4,11.0,0.04,0
S4,1.1,34.0,0.06,0
S2,3.5,14.0,0.04,0
S1,3.0,24.0,0.14,0
S4,1.6,30.0,0.06,0
S4,0.6,4.0,0.06,0
S1,2.8,12.0,0.14,0
S4,0.3,30.0,0.06,0
S4,2.0,7.0,0.06,0
S3,3.0,28.0,0.09,0
S3,1.6,23.0,0.09,1
S1,10.5,17.0,0.14,1
S4,1.0,13.0,0.06,0
S3,0.2,22.0,0.09,0
S4,0.4,40.0,0.06,0
S2,3.1,15.0,0.04,0
S4,3.2,10.0,0.06,0
S1,3.7,26.0,0.14,0
S2,0.0,4.0,0.04,0
S2,0.0,3.0,0.04,0
S4,0.2,21.0,0.06,0
S2,0.0,24.0,0.04,0
S1,0.6,21.0,0.14,0
S1,3.6,7.0,0.14,0
S1,5.7,22.0,0.14,0
S4,1.4,16.0,0.06,0
S3,7.9,37.0,0.09,0
S4,0.5,13.0,0.06,0
S2,0.1,28.0,0.04,0
S2,0.0,30.0,0.04,0
S4,1.9,35.0,0.06,0
S2,2.0,11.0,0.04,0
S1,16.0,13.0,0.14,0
S3,0.6,10.0,0.09,0
S2,0.2,18.0,0.04,0
S3,0.8,6.0,0.09,0
S1,1.3,19.0,0.14,0
S1,11.1,29.0,0.14,0
S1,0.5,32.0,0.14,0
S2,0.0,39.0,0.04,0
S3,0.2,10.0,0.09,0
S2,0.5,28.0,0.04,0
S1,1.9,10.0,0.14,1
S4,0.9,6.0,0.06,0
S2,0.8,2.0,0.04,0
S2,0.1,27.0,0.04,0
S3,1.7,4.0,0.09,0
S2,0.9,6.0,0.04,0
S1,14.8,39.0,0.14,0
S2,0.3,2.0,0.04,0
S4,0.7,21.0,0.06,0
S4,1.8,2.0,0.06,0
S3,5.3,15.0,0.09,0
S1,2.8,4.0,0.14,0
S2,0.6,14.0,0.04,0
S1,0.4,25.0,0.14,0
S3,3.1,28.0,0.09,0
S3,5.9,32.0,0.09,0
S1,4.2,10.0,0.14,0
S1,12.4,3.0,0.14,0
S2,0.5,6.0,0.04,0
S2,1.1,40.0,0.04,0
S1,24.3,35.0,0.14,1
S4,0.5,12.0,0.06,0
S4,0.2,16.0,0.06,1
S1,8.8,8.0,0.14,0
S4,1.2,14.0,0.06,0
S1,16.3,16.0,0.14,0
S3,0.4,34.0,0.09,0
S2,0.1,25.0,0.04,0
S2,1.1,34.0,0.04,0
S4,0.6,38.0,0.06,0
S4,2.3,32.0,0.06,0
S4,0.5,27.0,0.06,0
S2,2.0,25.0,0.04,0
S3,1.9,8.0,0.09,0
S4,0.8,19.0,0.06,0
S2,0.4,35.0,0.04,0
S3,0.2,3.0,0.09,0
S3,2.7,2.0,0.09,0
S1,3.2,6.0,0.14,0
S2,0.0,5.0,0.04,0
S1,5.0,15.0,0.14,0
S4,0.7,22.0,0.06,0
S4,0.7,7.0,0.06,0
S2,1.6,11.0,0.04,0
S1,1.6,3.0,0.14,0
S4,1.0,27.0,0.06,0
S4,0.4,25.0,0.06,0
S3,0.7,29.0,0.09,0
S4,1.1,39.0,0.06,1
S4,0.1,6.0,0.06,0
S1,9.5,26.0,0.14,0
S3,1.5,30.0,0.09,0
S3,0.2,15.0,0.09,0
S4,0.2,21.0,0.06,0
S1,1.2,40.0,0.14,0
S2,0.2,37.0,0.04,0
S2,0.8,18.0,0.04,0
S1,2.8,26.0,0.14,1
S3,3.1,6.0,0.09,0
S2,0.4,21.0,0.04,0
S2,5.0,21.0,0.04,0
S4,0.2,23.0,0.06,0
S2,0.8,36.0,0.04,0
S4,0.9,5.0,0.06,0
S3,3.1,34.0,0.09,0
S4,0.8,8.0,0.06,0
S1,17.9,11.0,0.14,0
S4,0.6,19.0,0.06,0
S2,1.7,29.0,0.04,0
S4,0.1,19.0,0.06,0
S3,3.6,19.0,0.09,0
S3,1.9,26.0,0.09,0
S4,0.4,28.0,0.06,0
S1,1.5,34.0,0.14,0
S4,0.1,15.0,0.06,0
S1,4.9,20.0,0.14,0
S4,1.2,30.0,0.06,0
S4,0.2,28.0,0.06,0
S1,7.9,4.0,0.14,0
S1,5.9,8.0,0.14,0
S2,2.4,9.0,0.04,0
S2,2.2,16.0,0.04,0
S4,0.4,13.0,0.06,0
S1,0.3,3.0,0.14,0
S4,1.5,22.0,0.06,0
S3,1.7,6.0,0.09,0
S3,3.5,22.0,0.09,0
S1,7.3,15.0,0.14,0
S2,0.2,3.0,0.04,0
S4,0.2,28.0,0.06,0
S1,2.1,33.0,0.14,0
S1,0.9,40.0,0.14,0
S2,0.3,7.0,0.04,0
S1,2.9,16.0,0.14,1
S3,2.9,19.0,0.09,0
S2,0.3,6.0,0.04,0
S1,9.9,8.0,0.14,0
S4,0.9,4.0,0.06,0
S1,11.6,29.0,0.14,1
S2,1.7,38.0,0.04,1
S2,2.1,18.0,0.04,0
S2,0.5,37.0,0.04,0
S1,2.1,18.0,0.14,0
S4,0.1,10.0,0.06,0
S2,1.1,5.0,0.04,0
S4,1.4,13.0,0.06,0
S3,3.7,20.0,0.09,1
S2,2.4,6.0,0.04,0
S2,0.2,25.0,0.04,0
S2,0.3,40.0,0.04,0
S1,3.3,12.0,0.14,1
S2,0.7,6.0,0.04,0
S1,3.0,2.0,0.14,0
S2,0.2,38.0,0.04,0
S3,2.7,10.0,0.09,0
S2,2.3,6.0,0.04,0
S3,0.2,30.0,0.09,0
S3,0.7,8.0,0.09,0
S1,2.2,15.0,0.14,0
S1,0.8,10.0,0.14,0
S4,0.4,31.0,0.06,0
S2,1.2,8.0,0.04,0
S3,1.1,23.0,0.09,0
S4,0.7,40.0,0.06,0
S4,0.3,9.0,0.06,0
S4,0.4,25.0,0.06,0
S4,1.1,24.0,0.06,1
S1,0.3,30.0,0.14,0
S1,10.5,12.0,0.14,0
S2,0.3,37.0,0.04,0
S3,2.3,25.0,0.09,0
S4,1.4,8.0,0.06,0
S4,1.7,3.0,0.06,0
S2,0.8,22.0,0.04,0
S2,0.9,14.0,0.04,0
S1,17.8,37.0,0.14,1
S2,0.2,31.0,0.04,0
S3,2.4,20.0,0.09,0
S4,1.9,17.0,0.06,0
S3,2.1,8.0,0.09,0
S1,11.3,6.0,0.14,0
S4,2.5,21.0,0.06,0
S4,0.6,10.0,0.06,0
S2,1.3,14.0,0.04,0
S4,2.5,8.0,0.06,0
S3,3.0,28.0,0.09,0
S4,4.5,16.0,0.06,1
S3,0.9,23.0,0.09,0
S1,5.2,32.0,0.14,0
S3,4.7,26.0,0.09,0
S2,0.3,32.0,0.04,0
S1,2.5,36.0,0.14,0
S1,2.6,10.0,0.14,0
S1,6.2,16.0,0.14,1
S2,0.3,30.0,0.04,0
S4,3.1,14.0,0.06,0
S1,0.8,15.0,0.14,0
S2,0.0,22.0,0.04,0
S1,4.4,38.0,0.14,1
S4,2.5,28.0,0.06,0
S2,0.0,8.0,0.04,0
S1,2.7,35.0,0.14,0
S3,1.6,18.0,0.09,0
S4,0.9,17.0,0.06,0
S2,2.8,26.0,0.04,0
S4,0.1,24.0,0.06,0
S2,0.2,40.0,0.04,0
S3,0.1,4.0,0.09,0
S3,0.2,2.0,0.09,0
S1,28.0,7.0,0.14,0
S4,0.3,40.0,0.06,0
S1,10.9,13.0,0.14,0
S1,3.7,36.0,0.14,0
S3,3.6,12.0,0.09,0
S2,0.3,37.0,0.04,0
S1,8.9,13.0,0.14,0
S1,1.1,33.0,0.14,0
S3,8.2,12.0,0.09,0
S2,0.7,17.0,0.04,0
S2,1.1,36.0,0.04,0
S4,6.0,11.0,0.06,0
S4,1.1,33.0,0.06,0
S2,1.2,15.0,0.04,0
S4,0.8,10.0,0.06,0
S4,3.7,19.0,0.06,0
S4,2.8,39.0,0.06,1
S4,2.4,22.0,0.06,0
S4,1.1,31.0,0.06,0
S3,1.5,4.0,0.09,0
S2,1.7,15.0,0.04,0
S1,1.8,29.0,0.14,0
S2,0.6,39.0,0.04,0
S2,0.2,33.0,0.04,0
S3,1.1,18.0,0.09,0
S1,12.0,39.0,0.14,1
S1,10.0,28.0,0.14,0
S1,0.4,10.0,0.14,0
S3,0.3,26.0,0.09,0
S4,1.0,5.0,0.06,0
S4,0.3,18.0,0.06,0
S2,0.6,25.0,0.04,0
S3,1.3,28.0,0.09,0
S2,4.4,7.0,0.04,0
S4,0.2,16.0,0.06,0
S3,3.0,4.0,0.09,0
S1,2.0,6.0,0.14,0
S2,0.1,38.0,0.04,0
S3,0.8,27.0,0.09,0
S4,0.1,9.0,0.06,0
S4,0.2,9.0,0.06,0
S1,11.3,32.0,0.14,1
S4,2.5,29.0,0.06,0
S3,4.0,27.0,0.09,0
S1,1.4,9.0,0.14,0
S3,0.1,9.0,0.09,0
S1,10.2,37.0,0.14,0
S3,0.2,3.0,0.09,0
S4,0.4,38.0,0.06,0
S3,3.6,27.0,0.09,0
S2,0.1,35.0,0.04,0
S3,2.4,14.0,0.09,0
S2,0.7,15.0,0.04,0
S4,1.0,13.0,0.06,0
S1,3.3,35.0,0.14,0
S2,0.5,12.0,0.04,0
S3,0.1,38.0,0.09,0
S3,0.8,35.0,0.09,0
S4,0.5,28.0,0.06,0
S4,1.3,6.0,0.06,0
S3,0.6,27.0,0.09,0
S1,7.1,19.0,0.14,0
S1,4.6,31.0,0.14,0
S1,0.6,6.0,0.14,0
S2,0.2,31.0,0.04,0
S3,1.6,13.0,0.09,0
S4,0.0,40.0,0.06,0
S2,0.2,18.0,0.04,0
S4,0.3,17.0,0.06,0
S4,6.1,9.0,0.06,0
S2,0.8,20.0,0.04,0
S2,1.2,21.0,0.04,0
S4,0.0,10.0,0.06,0
S3,5.3,35.0,0.09,1
S3,2.3,5.0,0.09,0
S3,5.1,13.0,0.09,0
S4,3.2,24.0,0.06,0
S1,5.7,20.0,0.14,0
S1,0.0,35.0,0.14,0
S3,1.9,26.0,0.09,0
S2,0.8,7.0,0.04,0
S4,0.2,22.0,0.06,0
S2,1.3,32.0,0.04,0
S1,4.6,36.0,0.14,0
S4,1.0,19.0,0.06,0
S3,2.7,9.0,0.09,0
S3,3.9,3.0,0.09,0
S1,4.8,37.0,0.14,0
S1,6.4,35.0,0.14,1
S1,7.4,26.0,0.14,0
S2,0.3,13.0,0.04,0
S2,0.9,8.0,0.04,0
S2,1.8,2.0,0.04,0
S4,0.2,4.0,0.06,0
S4,0.4,35.0,0.06,0
S1,4.4,30.0,0.14,0
S4,0.3,24.0,0.06,0
S3,1.9,32.0,0.09,0
S2,0.5,2.0,0.04,0
S3,0.7,20.0,0.09,0
S1,4.3,13.0,0.14,0
S4,1.4,14.0,0.06,0
S3,0.4,2.0,0.09,0
S1,0.8,6.0,0.14,0
S1,9.5,16.0,0.14,0
S2,0.0,3.0,0.04,0
S3,2.8,29.0,0.09,1
S2,0.4,28.0,0.04,0
S1,9.1,20.0,0.14,1
S4,0.0,28.0,0.06,0
S1,5.3,11.0,0.14,0
S2,0.4,39.0,0.04,0
S2,2.1,22.0,0.04,0
S4,0.1,37.0,0.06,0
S1,1.4,5.0,0.14,0
S2,0.7,23.0,0.04,0
S4,1.8,6.0,0.06,0
S1,6.2,12.0,0.14,0
S4,0.5,20.0,0.06,0
S3,3.3,15.0,0.09,0
S3,4.2,28.0,0.09,0
S1,10.1,37.0,0.14,0
S2,1.9,3.0,0.04,0
S3,0.5,6.0,0.09,0
S3,0.5,33.0,0.09,0
S3,1.5,38.0,0.09,0
S2,1.3,40.0,0.04,0
S1,7.8,13.0,0.14,0
S4,1.8,28.0,0.06,0
S3,1.2,22.0,0.09,0
S3,0.3,32.0,0.09,0
S4,0.4,15.0,0.06,0
S1,2.7,25.0,0.14,0
S1,2.1,13.0,0.14,0
S4,4.0,13.0,0.06,0
S1,11.4,15.0,0.14,0
S4,2.6,32.0,0.06,0
S3,0.0,29.0,0.09,0
S4,0.3,31.0,0.06,0
S2,0.8,2.0,0.04,0
S3,4.6,5.0,0.09,0
S3,3.8,16.0,0.09,0
S2,0.6,22.0,0.04,0
S4,0.1,37.0,0.06,0
S3,2.1,23.0,0.09,0
S2,1.0,7.0,0.04,0
S3,10.2,30.0,0.09,0
S1,9.6,26.0,0.14,1
S3,3.9,24.0,0.09,0
S4,1.1,7.0,0.06,0
S4,9.0,3.0,0.06,0
S1,3.8,7.0,0.14,0
S4,0.5,24.0,0.06,0
S4,1.6,14.0,0.06,0
S1,2.3,3.0,0.14,0
S2,2.2,11.0,0.04,0
S2,0.4,28.0,0.04,0
S1,5.9,37.0,0.14,0
S1,2.0,23.0,0.14,0
S1,0.7,37.0,0.14,0
S2,0.3,7.0,0.04,0
S1,3.2,29.0,0.14,0
S2,0.2,40.0,0.04,0
S2,4.0,6.0,0.04,0
S1,0.7,5.0,0.14,0
S4,6.2,6.0,0.06,0
S1,5.6,2.0,0.14,0
S3,3.5,24.0,0.09,0
S1,11.7,3.0,0.14,0
S3,8.3,3.0,0.09,0
S1,9.5,34.0,0.14,1
S2,0.0,38.0,0.04,0
S1,8.4,33.0,0.14,1
S4,0.2,25.0,0.06,0
S3,3.2,7.0,0.09,0
S3,7.0,17.0,0.09,0
S3,4.3,28.0,0.09,0
S1,0.9,40.0,0.14,0
S1,4.1,12.0,0.14,0
S3,4.5,26.0,0.09,0
S1,2.1,36.0,0.14,0
S3,0.7,5.0,0.09,0
S4,0.8,8.0,0.06,0
S1,6.4,13.0,0.14,1
S1,0.2,5.0,0.14,0
S1,6.7,24.0,0.14,1
S1,0.1,23.0,0.14,0
S2,0.9,24.0,0.04,0
S4,0.6,5.0,0.06,0
S1,10.4,30.0,0.14,1
S4,2.0,35.0,0.06,1
S3,0.8,17.0,0.09,0
S4,0.4,16.0,0.06,0
S3,3.4,25.0,0.09,0
S4,2.4,38.0,0.06,0
S1,1.0,40.0,0.14,0
S4,0.6,2.0,0.06,0
S2,0.2,26.0,0.04,0
S4,0.6,27.0,0.06,0
S2,0.8,19.0,0.04,0
S3,2.0,27.0,0.09,0
S2,0.1,40.0,0.04,0
S3,0.8,36.0,0.09,0
S1,5.1,30.0,0.14,1
S1,3.6,5.0,0.14,0
S1,0.7,34.0,0.14,0
S4,0.2,18.0,0.06,0
S2,0.4,31.0,0.04,0
S1,8.3,4.0,0.14,0
S4,1.5,5.0,0.06,0
S1,5.0,18.0,0.14,0
S3,1.8,27.0,0.09,0
S3,2.2,19.0,0.09,0
S1,10.7,16.0,0.14,0
S3,0.2,9.0,0.09,0
S4,1.9,38.0,0.06,0
S3,1.1,25.0,0.09,0
S4,2.0,7.0,0.06,0
S2,3.1,35.0,0.04,0
S3,1.9,19.0,0.09,0
S4,6.4,39.0,0.06,0
S3,0.1,34.0,0.09,0
S4,2.1,17.0,0.06,0
S2,0.4,13.0,0.04,0
S2,4.2,34.0,0.04,0
S1,5.2,21.0,0.14,0
S2,1.0,40.0,0.04,0
S2,2.0,37.0,0.04,0
S4,0.9,30.0,0.06,0
S1,18.2,33.0,0.14,1
S1,16.1,35.0,0.14,1
S3,0.8,28.0,0.09,0
S2,0.8,33.0,0.04,0
S1,7.4,29.0,0.14,0
S2,1.5,14.0,0.04,0
S1,0.7,33.0,0.14,0
S3,3.8,23.0,0.09,0
S4,0.7,33.0,0.06,0
S3,0.4,18.0,0.09,0
S2,0.4,7.0,0.04,0
S1,9.4,26.0,0.14,0
S1,1.4,6.0,0.14,0
S1,25.2,27.0,0.14,1
S3,0.6,31.0,0.09,0
S3,2.8,19.0,0.09,0
S4,0.4,23.0,0.06,0
S4,2.3,17.0,0.06,0
S4,0.5,32.0,0.06,0
S1,2.9,37.0,0.14,0
S1,1.0,2.0,0.14,0
S3,1.8,31.0,0.09,0
S4,0.2,7.0,0.06,0
S4,1.8,40.0,0.06,0
S1,2.2,8.0,0.14,0
S2,0.8,18.0,0.04,0
S1,3.5,38.0,0.14,1
S4,0.3,40.0,0.06,0
S2,0.0,3.0,0.04,0
S1,1.7,40.0,0.14,0
S4,2.5,21.0,0.06,0
S4,0.8,23.0,0.06,0
S2,0.2,4.0,0.04,0
S1,0.8,16.0,0.14,0
S1,8.4,8.0,0.14,0
S1,0.4,16.0,0.14,0
S4,0.5,40.0,0.06,0
S1,2.1,5.0,0.14,0
S4,2.1,26.0,0.06,0
S3,0.2,6.0,0.09,0
S4,0.2,22.0,0.06,0
S2,1.7,13.0,0.04,0
S2,0.7,31.0,0.04,0
S2,1.0,20.0,0.04,0
S2,0.4,23.0,0.04,0
S2,0.5,28.0,0.04,0
S3,0.7,33.0,0.09,1
S2,0.1,29.0,0.04,0
S2,0.5,14.0,0.04,0
S4,0.2,13.0,0.06,0
S3,8.0,29.0,0.09,0
S3,0.1,24.0,0.09,0
S3,1.8,23.0,0.09,0
S4,0.9,34.0,0.06,0
S2,0.5,18.0,0.04,0
S3,1.0,20.0,0.09,0
S1,0.3,22.0,0.14,0
S4,0.3,10.0,0.06,0
S1,2.7,16.0,0.14,1
S4,1.8,15.0,0.06,0
S3,0.2,38.0,0.09,0
S1,0.5,11.0,0.14,0
S2,0.8,22.0,0.04,0
S1,14.7,40.0,0.14,0
S4,0.2,25.0,0.06,0
S3,0.4,12.0,0.09,0
S1,11.2,39.0,0.14,1
S1,7.2,27.0,0.14,0
S1,1.2,14.0,0.14,0
S3,0.9,11.0,0.09,0
S3,2.1,24.0,0.09,0
S4,1.3,33.0,0.06,0
S2,0.6,12.0,0.04,0
S3,0.7,22.0,0.09,0
S2,2.4,36.0,0.04,0
S2,0.3,18.0,0.04,0
S2,0.2,17.0,0.04,0
S1,15.5,15.0,0.14,1
S1,9.1,6.0,0.14,0
S3,1.7,9.0,0.09,0
S3,0.2,11.0,0.09,0
S3,0.1,10.0,0.09,0
S1,1.2,16.0,0.14,0
S1,7.7,20.0,0.14,1
S4,1.6,14.0,0.06,0
S2,1.2,40.0,0.04,0
S1,1.2,9.0,0.14,0
S4,0.4,17.0,0.06,0
S2,0.0,13.0,0.04,0
S2,2.9,23.0,0.04,0
S1,0.7,4.0,0.14,0
S3,0.8,20.0,0.09,0
S4,1.3,21.0,0.06,0
S1,15.6,33.0,0.14,1
S4,5.9,3.0,0.06,0
S1,10.8,30.0,0.14,0
S2,0.3,21.0,0.04,0
S2,2.7,34.0,0.04,0
S2,0.2,32.0,0.04,0
S1,1.3,18.0,0.14,0
S2,0.1,4.0,0.04,0
S3,0.1,40.0,0.09,0
S1,0.9,31.0,0.14,0
S1,3.6,30.0,0.14,0
S1,3.3,11.0,0.14,0
S4,1.4,9.0,0.06,0
S3,2.1,20.0,0.09,0
S3,0.4,36.0,0.09,0
S3,1.0,18.0,0.09,0
S4,0.4,30.0,0.06,0
S3,6.1,9.0,0.09,0
S2,1.4,8.0,0.04,0
S1,4.3,38.0,0.14,0
S2,0.7,26.0,0.04,0
S4,0.6,40.0,0.06,0
S1,15.7,36.0,0.14,0
S4,0.7,14.0,0.06,0
S3,8.2,16.0,0.09,0
S3,0.0,40.0,0.09,0
S2,0.8,40.0,0.04,0
S3,1.4,21.0,0.09,0
S3,1.5,39.0,0.09,0
S3,1.8,19.0,0.09,0
S4,0.3,22.0,0.06,0
S3,0.8,37.0,0.09,0
S3,3.6,35.0,0.09,0
S3,3.8,32.0,0.09,0
S1,23.2,16.0,0.14,0
S2,0.0,4.0,0.04,0
S3,1.8,17.0,0.09,0
S1,24.4,31.0,0.14,1
S1,27.3,30.0,0.14,1
S4,0.2,4.0,0.06,0
S1,13.9,30.0,0.14,1
S1,1.8,27.0,0.14,0
S4,4.4,20.0,0.06,0
S4,3.8,32.0,0.06,0
S1,2.2,14.0,0.14,0
S1,11.1,25.0,0.14,0
S4,2.5,28.0,0.06,1
S1,0.7,16.0,0.14,0
S4,1.0,4.0,0.06,0
S3,9.2,20.0,0.09,0
S3,1.7,11.0,0.09,0
S1,4.6,28.0,0.14,0
S3,1.4,11.0,0.09,0
S1,3.5,27.0,0.14,0
S2,0.2,36.0,0.04,0
S2,0.5,16.0,0.04,0
S1,26.1,30.0,0.14,1
S3,5.5,39.0,0.09,0
S3,1.9,6.0,0.09,0
S1,0.7,19.0,0.14,0
S3,4.6,37.0,0.09,0
S4,0.8,39.0,0.06,0
S3,1.2,16.0,0.09,0
S1,6.2,28.0,0.14,0
S4,2.7,32.0,0.06,0
S2,0.3,12.0,0.04,0
S4,1.7,3.0,0.06,0
S1,5.0,6.0,0.14,0
S3,0.1,15.0,0.09,0
S2,0.7,21.0,0.04,0
S3,1.3,31.0,0.09,0
S1,1.2,36.0,0.14,0
S4,1.9,12.0,0.06,0
S4,1.0,16.0,0.06,0
S1,14.5,7.0,0.14,0
S2,0.3,23.0,0.04,0
S3,3.1,30.0,0.09,0
S2,0.0,39.0,0.04,0
S4,1.2,18.0,0.06,0
S4,0.2,31.0,0.06,0
S1,2.4,11.0,0.14,0
S2,0.5,6.0,0.04,0
S3,0.7,33.0,0.09,0
S1,2.0,20.0,0.14,0
S2,2.5,22.0,0.04,0
S1,0.9,21.0,0.14,0
S4,0.5,10.0,0.06,0
S1,0.2,6.0,0.14,0
S1,6.2,20.0,0.14,0
S1,1.6,24.0,0.14,0
S4,0.7,33.0,0.06,0
S3,8.3,20.0,0.09,0
S4,1.1,25.0,0.06,0
S1,20.2,2.0,0.14,0
S3,7.5,10.0,0.09,0
S1,13.1,39.0,0.14,1
S3,0.2,25.0,0.09,0
S3,6.2,38.0,0.09,0
S1,3.1,39.0,0.14,0
S1,0.4,30.0,0.14,0
S4,3.5,16.0,0.06,0
S3,0.9,19.0,0.09,0
S4,3.0,28.0,0.06,0
S1,17.1,39.0,0.14,1
S3,2.6,31.0,0.09,0
S1,7.5,35.0,0.14,1
S4,2.2,27.0,0.06,0
S1,11.6,5.0,0.14,0
S2,1.3,34.0,0.04,0
S2,0.1,11.0,0.04,0
S4,0.0,37.0,0.06,0
S4,0.3,4.0,0.06,0
S3,4.0,16.0,0.09,0
S1,15.5,26.0,0.14,0
S4,1.6,23.0,0.06,0
S4,1.2,12.0,0.06,0
S3,5.0,4.0,0.09,0
S4,0.8,19.0,0.06,0
S2,0.2,2.0,0.04,0
S4,2.6,8.0,0.06,0
S2,0.2,24.0,0.04,0
S3,0.1,23.0,0.09,0
S4,4.4,30.0,0.06,0
S3,2.0,39.0,0.09,0
S3,5.6,5.0,0.09,0
S4,2.9,5.0,0.06,0
S3,0.2,21.0,0.09,0
S3,10.4,25.0,0.09,0
S4,0.9,26.0,0.06,0
S1,5.5,15.0,0.14,0
S3,1.6,36.0,0.09,0
S1,9.6,9.0,0.14,0
S1,21.5,35.0,0.14,1
S3,2.9,37.0,0.09,0
S3,3.4,4.0,0.09,0
S1,2.2,7.0,0.14,0
S2,1.9,7.0,0.04,0
S3,0.5,16.0,0.09,0
S1,23.0,28.0,0.14,1
S1,0.6,3.0,0.14,0
S1,0.1,23.0,0.14,0
S1,6.0,38.0,0.14,0
S1,2.8,32.0,0.14,0
S2,0.5,7.0,0.04,0
S3,0.1,13.0,0.09,0
S2,1.7,26.0,0.04,0
S4,0.7,26.0,0.06,0
S1,8.0,21.0,0.14,1
S3,3.0,34.0,0.09,0
S3,3.2,34.0,0.09,1
S4,0.5,40.0,0.06,0
S2,1.7,27.0,0.04,1
S1,19.3,28.0,0.14,1
S4,0.2,7.0,0.06,0
S4,0.3,36.0,0.06,0
S4,0.7,3.0,0.06,0
S3,0.6,5.0,0.09,0
S3,7.0,35.0,0.09,1
S1,4.6,20.0,0.14,0
S2,0.1,13.0,0.04,1
S1,1.4,17.0,0.14,0
S4,2.0,40.0,0.06,0
S2,2.2,25.0,0.04,0
S4,5.8,35.0,0.06,0
S2,0.5,39.0,0.04,0
S1,1.2,39.0,0.14,0
S3,1.7,39.0,0.09,0
S2,0.7,3.0,0.04,0
S1,10.1,9.0,0.14,0
S4,0.0,28.0,0.06,0
S1,16.8,24.0,0.14,1
S3,0.6,17.0,0.09,0
S2,0.4,24.0,0.04,0
S3,0.2,5.0,0.09,0
S2,0.0,4.0,0.04,0
S2,0.2,15.0,0.04,0
S4,0.7,27.0,0.06,0
S2,0.7,38.0,0.04,0
S3,1.3,31.0,0.09,0
S4,3.6,14.0,0.06,0
S4,1.6,21.0,0.06,0
S3,3.7,9.0,0.09,0
S3,3.8,4.0,0.09,0
S1,2.9,9.0,0.14,0
S3,1.9,8.0,0.09,0
S1,5.0,14.0,0.14,0
S3,0.3,11.0,0.09,0
S1,7.5,14.0,0.14,0
S2,4.1,18.0,0.04,0
S3,5.9,29.0,0.09,0
S4,0.7,13.0,0.06,0
S2,0.5,16.0,0.04,0
S4,0.1,35.0,0.06,0
S4,3.5,37.0,0.06,0
S1,1.4,16.0,0.14,0
S3,1.6,35.0,0.09,0
S1,2.4,34.0,0.14,0
S3,0.5,32.0,0.09,0
S4,3.4,14.0,0.06,0
S2,0.2,39.0,0.04,0
S1,2.5,38.0,0.14,0
S4,0.3,16.0,0.06,0
S1,0.3,30.0,0.14,1
S2,1.6,26.0,0.04,0
S3,1.4,32.0,0.09,0
S3,1.6,11.0,0.09,0
S3,1.8,5.0,0.09,0
S3,2.0,39.0,0.09,0
S4,2.9,14.0,0.06,0
S4,0.2,13.0,0.06,0
S2,0.1,5.0,0.04,0
S1,3.0,16.0,0.14,0
S1,0.9,23.0,0.14,0
S4,1.1,29.0,0.06,0
S4,3.7,16.0,0.06,0
S1,4.8,40.0,0.14,0
S1,1.5,18.0,0.14,0
S3,1.6,8.0,0.09,1
S2,1.4,33.0,0.04,0
S2,0.4,2.0,0.04,0
S3,2.9,2.0,0.09,0
S3,2.1,2.0,0.09,0
S3,1.7,30.0,0.09,1
S1,1.4,24.0,0.14,0
S1,13.0,10.0,0.14,0
S2,1.9,12.0,0.04,0
S2,0.1,16.0,0.04,0
S1,0.5,17.0,0.14,0
S3,0.9,21.0,0.09,0
S4,1.5,24.0,0.06,0
S2,0.2,22.0,0.04,0
S3,6.3,30.0,0.09,0
S1,0.8,15.0,0.14,0
S2,0.7,22.0,0.04,0
S1,13.6,14.0,0.14,0
S4,0.2,4.0,0.06,0
S3,1.0,11.0,0.09,0
S1,11.4,3.0,0.14,0
S3,0.0,3.0,0.09,0
S3,2.4,26.0,0.09,0
S2,3.6,32.0,0.04,0
S2,0.4,15.0,0.04,0
S3,0.6,3.0,0.09,0
S1,1.3,40.0,0.14,0
S4,0.9,18.0,0.06,0
S1,14.2,24.0,0.14,0
S1,7.5,27.0,0.14,0
S1,11.4,20.0,0.14,1
S3,0.2,35.0,0.09,0
S1,0.6,19.0,0.14,0
S1,6.5,13.0,0.14,0
S4,0.2,19.0,0.06,0
S3,2.7,39.0,0.09,0
S3,3.1,20.0,0.09,0
S2,0.1,16.0,0.04,0
S2,0.1,15.0,0.04,0
S1,2.9,37.0,0.14,0
S4,1.9,6.0,0.06,0
S2,0.2,28.0,0.04,0
S4,0.9,18.0,0.06,0
S1,5.6,19.0,0.14,0
S2,1.6,5.0,0.04,0
S1,8.2,2.0,0.14,0
S1,15.2,24.0,0.14,0
S3,0.2,33.0,0.09,0
S3,3.3,40.0,0.09,0
S4,0.1,36.0,0.06,0
S3,1.2,27.0,0.09,0
S4,0.0,9.0,0.06,0
S4,0.8,35.0,0.06,0
S1,4.1,31.0,0.14,0
S3,2.4,27.0,0.09,0
S4,2.4,38.0,0.06,0
S3,1.0,17.0,0.09,0
S1,2.0,23.0,0.14,0
S4,6.2,5.0,0.06,0
S3,0.5,14.0,0.09,0
S1,5.4,39.0,0.14,0
S4,4.7,38.0,0.06,0
S4,0.4,7.0,0.06,0
S1,11.8,37.0,0.14,0
S2,0.2,36.0,0.04,0
S1,0.1,21.0,0.14,0
S4,0.8,23.0,0.06,0
S3,0.6,5.0,0.09,0
S3,0.2,38.0,0.09,0
S1,12.7,4.0,0.14,1
S1,2.0,25.0,0.14,0
S4,0.2,29.0,0.06,0
S4,0.1,33.0,0.06,0
S1,32.0,38.0,0.14,1
S3,0.3,35.0,0.09,0
S4,0.6,34.0,0.06,0
S3,0.3,12.0,0.09,0
S1,14.2,31.0,0.14,1
S3,3.7,33.0,0.09,0
S1,13.9,16.0,0.14,0
S1,2.6,4.0,0.14,0
S4,0.3,13.0,0.06,0
S3,0.9,30.0,0.09,0
S1,19.7,35.0,0.14,0
S1,2.5,40.0,0.14,0
S3,2.4,8.0,0.09,0
S3,5.1,38.0,0.09,0
S1,0.5,4.0,0.14,1
S4,2.5,10.0,0.06,0
S3,3.1,19.0,0.09,0
S4,2.4,27.0,0.06,0
S3,0.5,29.0,0.09,0
S4,1.0,3.0,0.06,0
S2,1.0,26.0,0.04,0
S3,5.7,21.0,0.09,0
S4,0.4,10.0,0.06,0
S2,0.5,7.0,0.04,0
S4,1.6,10.0,0.06,0
S1,2.6,6.0,0.14,0
S1,13.2,10.0,0.14,0
S3,3.5,24.0,0.09,0
S4,4.0,8.0,0.06,1
S4,0.6,7.0,0.06,0
S1,5.6,36.0,0.14,0
S4,1.0,22.0,0.06,0
S2,0.9,9.0,0.04,0
S1,5.5,20.0,0.14,0
S4,0.2,31.0,0.06,0
S3,3.6,7.0,0.09,0
S3,2.1,23.0,0.09,0
S3,5.1,4.0,0.09,0
S2,0.4,16.0,0.04,0
S2,0.9,3.0,0.04,0
S4,1.2,6.0,0.06,0
S2,1.7,3.0,0.04,0
S4,2.9,29.0,0.06,0
S3,0.9,17.0,0.09,0
S1,2.7,13.0,0.14,0
S1,0.5,15.0,0.14,0
S2,0.3,34.0,0.04,0
S1,6.2,22.0,0.14,0
S4,0.1,39.0,0.06,0
S3,4.1,9.0,0.09,0
S4,0.9,22.0,0.06,0
S4,2.1,9.0,0.06,0
S2,0.2,17.0,0.04,0
S1,20.3,6.0,0.14,0
S4,0.5,15.0,0.06,0
S1,16.9,14.0,0.14,0
S1,1.6,29.0,0.14,0
S4,2.2,6.0,0.06,0
S2,0.1,22.0,0.04,0
S3,1.1,9.0,0.09,0
S1,1.1,36.0,0.14,0
S3,1.5,11.0,0.09,0
S1,3.6,8.0,0.14,0
S3,0.4,34.0,0.09,0
S2,1.8,15.0,0.04,0
S2,0.4,12.0,0.04,0
S3,0.1,18.0,0.09,0
S1,8.9,21.0,0.14,0
S4,6.2,26.0,0.06,0
S1,6.9,3.0,0.14,0
S1,2.0,5.0,0.14,0
S1,18.4,19.0,0.14,0
S1,0.3,38.0,0.14,0
S4,0.1,10.0,0.06,0
S4,0.9,23.0,0.06,0
S3,1.1,34.0,0.09,0
S4,0.5,28.0,0.06,0
S2,1.7,20.0,0.04,0
S1,2.7,7.0,0.14,0
S1,1.2,35.0,0.14,0
S3,2.0,36.0,0.09,0
S1,1.8,30.0,0.14,0
S2,0.7,16.0,0.04,0
S4,2.5,17.0,0.06,0
S3,0.3,12.0,0.09,0
S4,1.9,8.0,0.06,0
S4,0.8,5.0,0.06,0
S3,0.0,36.0,0.09,0
S3,0.1,8.0,0.09,0
S4,0.4,5.0,0.06,0
S4,0.9,40.0,0.06,0
S3,10.6,10.0,0.09,0
S3,0.6,13.0,0.09,0
S4,2.4,11.0,0.06,0
S3,9.3,24.0,0.09,0
S1,1.9,24.0,0.14,0
S1,5.2,10.0,0.14,0
S4,0.4,20.0,0.06,0
S3,0.3,6.0,0.09,0
S4,1.4,23.0,0.06,0
S2,1.2,5.0,0.04,0
S2,0.3,19.0,0.04,0
S4,0.5,15.0,0.06,0
S1,2.4,24.0,0.14,0
S4,0.3,35.0,0.06,1
S3,4.3,25.0,0.09,0
S4,1.7,6.0,0.06,0
S3,3.6,34.0,0.09,0
S3,2.1,11.0,0.09,0
S2,0.7,15.0,0.04,0
S1,5.8,35.0,0.14,0
S3,2.0,18.0,0.09,0
S4,1.0,31.0,0.06,0
S1,1.5,13.0,0.14,0
S4,0.1,17.0,0.06,0
S3,2.2,13.0,0.09,0
S3,1.7,15.0,0.09,0
S1,4.5,21.0,0.14,0
S1,0.2,8.0,0.14,0
S3,1.5,7.0,0.09,0
S1,11.2,21.0,0.14,0
S2,1.3,16.0,0.04,0
S2,1.1,12.0,0.04,0
S4,0.3,35.0,0.06,0
S2,0.4,37.0,0.04,0
S3,2.8,18.0,0.09,0
S4,0.9,30.0,0.06,0
S4,1.7,9.0,0.06,0
S1,6.6,15.0,0.14,0
S3,8.9,33.0,0.09,0
S1,1.5,2.0,0.14,0
S2,0.5,27.0,0.04,0
S3,3.0,38.0,0.09,0
S4,1.0,5.0,0.06,0
S1,1.5,3.0,0.14,0
S1,6.8,32.0,0.14,1
S3,1.3,40.0,0.09,0
S4,1.6,16.0,0.06,0
S3,0.0,26.0,0.09,0
S4,12.1,22.0,0.06,0
S2,0.3,22.0,0.04,0
S3,0.3,8.0,0.09,0
S3,0.4,7.0,0.09,0
S4,2.3,6.0,0.06,0
S3,9.8,21.0,0.09,0
S2,0.1,37.0,0.04,0
S2,0.7,2.0,0.04,0
S3,4.8,25.0,0.09,0
S4,1.7,14.0,0.06,0
S1,2.9,19.0,0.14,0
S1,1.6,39.0,0.14,0
S2,0.7,33.0,0.04,0
S3,4.7,17.0,0.09,0
S2,0.2,13.0,0.04,0
S2,2.3,17.0,0.04,0
S1,0.9,36.0,0.14,0
S2,0.1,19.0,0.04,0
S3,3.8,17.0,0.09,0
S3,0.0,38.0,0.09,0
S2,0.8,27.0,0.04,0
S1,2.6,2.0,0.14,0
S2,1.5,21.0,0.04,0
S3,0.9,30.0,0.09,0
S4,2.9,21.0,0.06,0
S4,1.7,37.0,0.06,0
S1,3.1,21.0,0.14,0
S4,0.4,16.0,0.06,0
S2,0.3,27.0,0.04,0
S2,1.8,21.0,0.04,0
S2,1.0,3.0,0.04,0
S4,0.7,36.0,0.06,0
S2,1.0,6.0,0.04,0
S3,1.9,12.0,0.09,0
S3,0.1,15.0,0.09,0
S3,2.3,18.0,0.09,0
S3,4.9,19.0,0.09,0
S1,9.3,17.0,0.14,0
S4,1.6,16.0,0.06,0
S1,1.3,11.0,0.14,0
S1,3.2,3.0,0.14,0
S4,0.2,7.0,0.06,0
S3,2.9,31.0,0.09,0
S3,2.3,4.0,0.09,0
S3,7.3,18.0,0.09,0
S4,2.1,36.0,0.06,0
S2,0.1,40.0,0.04,0
S4,1.0,5.0,0.06,0
S2,0.6,13.0,0.04,0
S4,1.9,15.0,0.06,0
S4,1.2,36.0,0.06,0
S4,0.4,25.0,0.06,0
S3,11.9,11.0,0.09,0
S4,1.5,7.0,0.06,0
S1,10.9,19.0,0.14,0
S3,1.7,27.0,0.09,0
S3,1.4,9.0,0.09,0
S3,2.1,18.0,0.09,0
S1,1.2,8.0,0.14,0
S4,0.7,6.0,0.06,0
S2,2.8,12.0,0.04,0
S2,0.3,25.0,0.04,0
S2,2.1,30.0,0.04,0
S2,0.1,18.0,0.04,0
S2,0.3,30.0,0.04,0
S4,1.6,29.0,0.06,0
S1,2.3,31.0,0.14,0
S3,0.3,25.0,0.09,0
S2,0.3,17.0,0.04,0
S1,5.0,29.0,0.14,1
S4,1.8,26.0,0.06,0
S2,0.0,8.0,0.04,0
S2,0.8,8.0,0.04,0
S3,4.1,10.0,0.09,0
S3,1.6,8.0,0.09,0
S3,4.9,34.0,0.09,0
S2,0.0,19.0,0.04,0
S1,0.5,22.0,0.14,0
S4,0.0,17.0,0.06,0
S3,0.9,39.0,0.09,0
S1,0.1,38.0,0.14,0
S2,0.6,6.0,0.04,1
S4,0.8,6.0,0.06,0
S1,1.0,5.0,0.14,0
S4,0.6,9.0,0.06,0
S3,2.3,25.0,0.09,0
S2,0.3,25.0,0.04,0
S2,2.1,6.0,0.04,0
S4,1.1,8.0,0.06,0
S3,5.3,17.0,0.09,0
S2,1.0,39.0,0.04,0
S4,0.2,36.0,0.06,0
S4,3.7,22.0,0.06,0
S3,17.4,37.0,0.09,0
S4,1.7,13.0,0.06,0
S3,1.4,9.0,0.09,0
S2,2.2,14.0,0.04,0
S1,12.4,7.0,0.14,0
S2,2.1,28.0,0.04,0
S1,2.9,35.0,0.14,0
S2,1.7,26.0,0.04,0
S2,0.2,13.0,0.04,0
S1,0.8,9.0,0.14,0
S3,1.7,5.0,0.09,0
S3,4.1,27.0,0.09,0
S4,0.4,16.0,0.06,0
S1,5.1,32.0,0.14,0
S1,0.6,9.0,0.14,0
S1,4.8,37.0,0.14,0
S1,3.7,33.0,0.14,0
S1,0.8,31.0,0.14,0
S1,15.7,8.0,0.14,0
S2,1.5,29.0,0.04,0
S2,0.5,31.0,0.04,0
S3,0.6,28.0,0.09,0
S3,4.5,18.0,0.09,0
S4,2.7,14.0,0.06,0
S2,0.6,33.0,0.04,0
S1,27.6,37.0,0.14,1
S1,3.7,23.0,0.14,0
S1,1.3,10.0,0.14,0
S1,6.0,22.0,0.14,0
S1,2.2,5.0,0.14,0
S1,2.4,34.0,0.14,0
S3,5.5,13.0,0.09,0
S4,0.7,5.0,0.06,0
S2,0.8,38.0,0.04,0
S1,3.3,19.0,0.14,0
S2,0.5,10.0,0.04,0
S2,0.8,16.0,0.04,0
S2,0.8,32.0,0.04,0
S4,0.8,14.0,0.06,0
S3,3.0,6.0,0.09,0
S1,3.7,15.0,0.14,0
S3,1.2,30.0,0.09,0
S1,2.2,4.0,0.14,0
S4,1.9,17.0,0.06,0
S3,3.9,3.0,0.09,0
S1,1.5,11.0,0.14,0
S2,0.4,33.0,0.04,0
S3,2.6,15.0,0.09,0
S3,3.5,22.0,0.09,0
S2,0.4,11.0,0.04,0
S3,0.2,34.0,0.09,0
S2,1.2,37.0,0.04,0
S3,1.1,31.0,0.09,0
S3,5.4,16.0,0.09,0
S3,5.3,25.0,0.09,0
S1,3.4,25.0,0.14,0
S1,18.0,37.0,0.14,0
S4,1.0,32.0,0.06,0
S4,1.8,4.0,0.06,0
S2,0.2,25.0,0.04,0
S4,0.8,27.0,0.06,0
S3,0.4,36.0,0.09,0
S4,2.3,32.0,0.06,0
S3,1.0,38.0,0.09,1
S4,2.2,31.0,0.06,0
S4,0.2,27.0,0.06,0
S4,1.1,34.0,0.06,0
S4,1.2,27.0,0.06,0
S3,0.1,6.0,0.09,0
S4,1.8,36.0,0.06,0
S3,0.0,21.0,0.09,0
S4,0.9,14.0,0.06,0
S1,0.9,19.0,0.14,0
S3,1.4,7.0,0.09,0
S1,0.5,30.0,0.14,0
S3,0.1,27.0,0.09,0
S2,0.9,9.0,0.04,0
S3,1.5,35.0,0.09,0
S2,0.7,13.0,0.04,0
S1,1.8,34.0,0.14,0
S1,6.4,33.0,0.14,0
S2,0.0,39.0,0.04,0
S1,0.7,28.0,0.14,1
S4,0.8,37.0,0.06,0
S3,0.7,18.0,0.09,0
S2,2.4,2.0,0.04,0
S2,0.2,20.0,0.04,0
S4,1.5,6.0,0.06,0
S4,1.7,38.0,0.06,0
S3,3.2,31.0,0.09,0
S1,6.6,26.0,0.14,0
S3,1.4,13.0,0.09,0
S1,7.9,35.0,0.14,1
S4,0.2,32.0,0.06,0
S4,1.7,17.0,0.06,0
S1,3.0,10.0,0.14,0
S2,0.7,32.0,0.04,0
S2,0.2,5.0,0.04,0
S2,1.1,27.0,0.04,0
S2,0.4,29.0,0.04,1
S1,2.8,20.0,0.14,0
S3,12.7,25.0,0.09,0
S3,0.4,15.0,0.09,0
S4,3.2,25.0,0.06,0
S1,6.1,12.0,0.14,0
S2,0.6,23.0,0.04,0
S2,1.7,26.0,0.04,0
S3,1.2,9.0,0.09,0
S4,1.2,2.0,0.06,0
S4,0.4,25.0,0.06,0
S1,9.8,36.0,0.14,0
S1,6.0,32.0,0.14,1
S3,2.2,19.0,0.09,0
S4,0.4,9.0,0.06,0
S2,1.7,2.0,0.04,0
S2,1.7,24.0,0.04,0
S4,1.2,27.0,0.06,0
S4,3.3,39.0,0.06,0
S2,0.1,35.0,0.04,0
S2,0.8,28.0,0.04,0
S3,0.3,34.0,0.09,0
S3,3.0,35.0,0.09,0
S1,1.0,3.0,0.14,0
S3,0.2,28.0,0.09,0
S3,0.0,24.0,0.09,0
S2,1.0,13.0,0.04,0
S1,16.0,6.0,0.14,0
S4,2.1,16.0,0.06,0
S4,0.4,34.0,0.06,0
S3,1.7,21.0,0.09,0
S1,6.0,10.0,0.14,0
S2,1.1,23.0,0.04,0
S3,1.0,15.0,0.09,0
S4,0.3,4.0,0.06,0
S4,0.4,22.0,0.06,0
S4,2.9,25.0,0.06,0
S4,0.5,19.0,0.06,0
S2,0.3,22.0,0.04,0
S1,1.1,2.0,0.14,0
S1,3.5,33.0,0.14,0
S3,2.1,5.0,0.09,0
S4,0.3,28.0,0.06,0
S4,0.0,38.0,0.06,0
S2,0.0,32.0,0.04,0
S2,0.8,28.0,0.04,0
S4,0.6,26.0,0.06,0
S4,0.8,39.0,0.06,0
S4,1.3,37.0,0.06,0
S1,6.4,37.0,0.14,0
S1,3.5,28.0,0.14,0
S3,0.3,15.0,0.09,0
S2,2.9,24.0,0.04,0
S4,2.4,23.0,0.06,0
S2,0.3,29.0,0.04,0
S4,0.3,30.0,0.06,0
S1,2.8,4.0,0.14,0
S4,0.2,17.0,0.06,0
S1,2.8,31.0,0.14,0
S2,0.5,31.0,0.04,0
S2,1.4,27.0,0.04,0
S1,0.7,22.0,0.14,0
S1,12.9,29.0,0.14,0
S2,0.6,30.0,0.04,0
S1,2.1,26.0,0.14,0
S1,10.3,31.0,0.14,0
S3,0.5,19.0,0.09,0
S2,2.6,24.0,0.04,0
S4,0.1,40.0,0.06,0
S3,1.2,19.0,0.09,0
S4,1.0,35.0,0.06,0
S1,11.1,4.0,0.14,1
S4,2.5,8.0,0.06,0
S2,0.2,17.0,0.04,0
S1,2.0,16.0,0.14,0
S4,0.4,24.0,0.06,0
S4,0.8,34.0,0.06,0
S1,0.2,34.0,0.14,0
S4,1.2,15.0,0.06,0
S3,1.6,31.0,0.09,0
S2,0.9,11.0,0.04,0
S3,2.9,20.0,0.09,0
S4,0.3,9.0,0.06,0
S1,2.8,37.0,0.14,0
S1,0.2,37.0,0.14,0
S1,1.8,14.0,0.14,0
S3,0.3,12.0,0.09,0
S4,0.6,9.0,0.06,0
S1,2.0,7.0,0.14,0
S2,0.1,30.0,0.04,0
S4,0.4,29.0,0.06,0
S2,0.0,2.0,0.04,0
S3,7.8,32.0,0.09,0
S1,2.5,10.0,0.14,0
S3,3.3,19.0,0.09,0
S2,0.9,8.0,0.04,0
S2,0.2,18.0,0.04,0
S1,2.7,28.0,0.14,0
S2,0.4,7.0,0.04,0
S3,5.0,31.0,0.09,0
S4,0.6,28.0,0.06,0
S1,1.2,31.0,0.14,0
S1,12.4,32.0,0.14,0
S1,0.7,2.0,0.14,0
S4,0.9,20.0,0.06,0
S1,9.9,27.0,0.14,0
S4,1.2,26.0,0.06,0
S4,0.2,24.0,0.06,0
S3,1.0,34.0,0.09,0
S1,6.0,38.0,0.14,0
S1,4.9,39.0,0.14,0
S2,1.3,32.0,0.04,0
S4,0.3,39.0,0.06,0
S1,1.1,17.0,0.14,0
S1,10.6,21.0,0.14,1
S1,3.3,11.0,0.14,0
S4,0.0,5.0,0.06,0
S4,4.7,31.0,0.06,0
S1,2.3,24.0,0.14,0
S1,6.0,24.0,0.14,0
S2,0.7,20.0,0.04,0
S4,0.2,30.0,0.06,0
S3,1.2,10.0,0.09,0
S4,0.1,23.0,0.06,0
S2,0.3,10.0,0.04,0
S3,4.0,11.0,0.09,0
S1,2.9,27.0,0.14,0
S2,0.3,34.0,0.04,0
S4,0.0,35.0,0.06,0
S4,1.0,9.0,0.06,0
S3,0.9,23.0,0.09,0
S4,0.0,32.0,0.06,0
S2,0.2,37.0,0.04,0
S2,0.1,8.0,0.04,0
S1,2.3,16.0,0.14,0
S4,0.1,15.0,0.06,0
S1,0.5,29.0,0.14,0
S3,5.4,8.0,0.09,0
S1,2.4,19.0,0.14,0
S1,0.1,30.0,0.14,0
S4,0.4,22.0,0.06,0
S3,0.4,18.0,0.09,0
S2,0.0,39.0,0.04,0
S1,12.8,35.0,0.14,0
S3,0.4,27.0,0.09,0
S3,6.1,22.0,0.09,0
S3,2.3,12.0,0.09,0
S4,1.2,26.0,0.06,0
S1,5.5,30.0,0.14,1
S3,1.2,2.0,0.09,0
S3,2.5,31.0,0.09,0
S1,10.3,19.0,0.14,0
S4,2.8,8.0,0.06,0
S1,13.5,14.0,0.14,0
S2,1.4,19.0,0.04,0
S4,0.2,13.0,0.06,0
S1,1.5,3.0,0.14,1
S3,2.1,19.0,0.09,0
S4,1.7,22.0,0.06,0
S4,1.1,17.0,0.06,0
S1,0.5,21.0,0.14,0
S3,2.0,6.0,0.09,0
S3,0.3,39.0,0.09,0
S1,8.3,12.0,0.14,0
S3,1.9,27.0,0.09,0
S4,2.0,30.0,0.06,0
S2,0.0,39.0,0.04,0
S4,5.4,37.0,0.06,0
S2,0.1,5.0,0.04,0
S3,4.9,33.0,0.09,0
S4,2.7,21.0,0.06,0
S1,0.5,40.0,0.14,0
S2,0.8,15.0,0.04,0
S1,2.4,4.0,0.14,0
S4,0.7,25.0,0.06,0
S4,0.8,14.0,0.06,0
S2,0.3,14.0,0.04,0
S4,0.1,17.0,0.06,0
S1,2.0,7.0,0.14,0
S3,3.2,14.0,0.09,0
S1,0.4,8.0,0.14,0
S2,1.0,16.0,0.04,0
S2,1.1,2.0,0.04,0
S2,0.3,32.0,0.04,0
S4,2.1,4.0,0.06,0
S3,2.5,23.0,0.09,0
S1,1.4,39.0,0.14,0
S4,1.7,20.0,0.06,0
S3,1.0,25.0,0.09,0
S3,0.9,13.0,0.09,0
S1,11.3,2.0,0.14,0
S1,19.5,34.0,0.14,1
S2,0.1,7.0,0.04,0
S4,0.5,33.0,0.06,0
S4,0.6,16.0,0.06,0
S1,1.6,17.0,0.14,0
S4,0.9,16.0,0.06,0
S4,0.0,19.0,0.06,0
S3,3.2,18.0,0.09,0
S2,0.9,12.0,0.04,0
S2,0.1,13.0,0.04,0
S4,0.9,21.0,0.06,0
S4,0.3,24.0,0.06,0
S1,25.2,12.0,0.14,0
S4,0.4,34.0,0.06,0
S3,1.4,17.0,0.09,0
S3,4.5,31.0,0.09,0
S3,2.5,22.0,0.09,0
S2,0.9,23.0,0.04,0
S2,0.4,31.0,0.04,0
S4,1.5,17.0,0.06,0
S1,1.6,21.0,0.14,0
S1,2.3,40.0,0.14,0
S1,2.6,17.0,0.14,0
S3,0.0,16.0,0.09,0
S1,0.8,33.0,0.14,0
S3,0.2,33.0,0.09,0
S4,9.7,17.0,0.06,0
S3,0.1,34.0,0.09,0
S2,0.2,8.0,0.04,0
S3,0.5,9.0,0.09,0
S3,4.5,6.0,0.09,0
S1,3.5,18.0,0.14,0
S4,1.9,9.0,0.06,0
S4,1.6,26.0,0.06,0
S2,1.2,26.0,0.04,0
S3,6.6,36.0,0.09,0
S2,0.1,15.0,0.04,0
S1,1.0,22.0,0.14,0
S4,2.3,18.0,0.06,0
S3,2.5,38.0,0.09,0
S1,8.5,40.0,0.14,0
S3,1.7,34.0,0.09,0
S4,1.1,39.0,0.06,0
S4,1.4,30.0,0.06,0
S3,8.4,15.0,0.09,0
S4,1.1,28.0,0.06,0
S3,1.8,5.0,0.09,0
S1,14.9,25.0,0.14,0
S3,0.1,20.0,0.09,0
S4,0.1,35.0,0.06,0
S1,13.8,32.0,0.14,0
S2,0.2,26.0,0.04,0
S3,0.8,28.0,0.09,0
S4,0.8,23.0,0.06,0
S1,0.7,32.0,0.14,0
S4,2.3,26.0,0.06,0
S3,0.8,16.0,0.09,0
S3,1.4,6.0,0.09,0
S2,1.0,23.0,0.04,0
S3,1.9,33.0,0.09,1
S3,0.1,26.0,0.09,0
S2,4.3,26.0,0.04,0
S4,0.9,18.0,0.06,0
S1,8.2,23.0,0.14,1
S1,12.4,33.0,0.14,0
S4,4.4,15.0,0.06,0
S1,5.9,28.0,0.14,0
S4,0.6,18.0,0.06,0
S3,0.1,35.0,0.09,0
S2,0.1,29.0,0.04,0
S2,1.5,29.0,0.04,0
S2,2.9,35.0,0.04,0
S1,4.2,15.0,0.14,0
S4,1.8,22.0,0.06,0
S2,0.9,15.0,0.04,0
S1,8.5,34.0,0.14,0
S4,2.1,7.0,0.06,0
S3,3.1,36.0,0.09,0
S3,5.2,34.0,0.09,1
S2,0.5,13.0,0.04,0
S3,0.8,6.0,0.09,0
S1,5.7,34.0,0.14,0
S1,6.7,26.0,0.14,0
S4,0.9,31.0,0.06,0
S2,1.1,12.0,0.04,0
S3,1.5,38.0,0.09,0
S1,10.4,3.0,0.14,0
S1,3.1,11.0,0.14,0
S4,4.3,21.0,0.06,0
S4,2.8,29.0,0.06,0
S2,3.4,31.0,0.04,0
S3,1.9,11.0,0.09,0
S1,40.0,23.0,0.14,1
S3,2.1,37.0,0.09,0
S4,7.0,13.0,0.06,0
S1,2.9,39.0,0.14,0
S4,0.7,34.0,0.06,0
S4,0.6,34.0,0.06,0
S2,0.1,26.0,0.04,0
S1,2.5,28.0,0.14,0
S3,5.2,39.0,0.09,0
S3,0.0,28.0,0.09,0
S3,0.5,16.0,0.09,0
S4,1.3,22.0,0.06,0
S3,0.8,14.0,0.09,0
S4,3.2,39.0,0.06,0
S4,0.6,39.0,0.06,0
S2,0.5,32.0,0.04,0
S2,0.0,40.0,0.04,0
S3,2.2,37.0,0.09,0
S1,11.1,28.0,0.14,1
S2,1.5,18.0,0.04,0
S4,0.2,16.0,0.06,0
S1,3.6,24.0,0.14,0
S2,0.6,30.0,0.04,0
S1,0.8,3.0,0.14,0
S1,6.5,28.0,0.14,0
S2,1.4,2.0,0.04,0
S2,0.5,4.0,0.04,0
S2,4.6,13.0,0.04,0
S4,1.0,38.0,0.06,0
S3,2.1,13.0,0.09,0
S3,5.0,22.0,0.09,0
S3,2.7,3.0,0.09,0
S4,2.3,40.0,0.06,1
S1,16.0,8.0,0.14,0
S3,0.5,34.0,0.09,0
S1,0.6,21.0,0.14,0
S2,0.7,17.0,0.04,0
S3,1.9,35.0,0.09,0
S2,1.1,20.0,0.04,0
S2,1.9,15.0,0.04,0
S2,1.2,10.0,0.04,0
S3,2.1,14.0,0.09,0
S3,0.9,21.0,0.09,0
S3,1.0,18.0,0.09,0
S4,0.6,5.0,0.06,0
S1,8.5,25.0,0.14,0
S3,3.3,12.0,0.09,0
S4,0.2,35.0,0.06,0
S1,4.8,28.0,0.14,0
S4,0.2,24.0,0.06,0
S2,0.3,19.0,0.04,0
S3,1.8,18.0,0.09,0
S3,2.0,33.0,0.09,0
S3,0.5,35.0,0.09,0
S3,1.6,28.0,0.09,0
S4,0.5,17.0,0.06,0
S2,0.8,8.0,0.04,0
S4,1.9,16.0,0.06,0
S4,2.1,26.0,0.06,0
S1,8.0,10.0,0.14,0
S4,0.0,7.0,0.06,0
S2,0.0,12.0,0.04,0
S2,0.7,32.0,0.04,0
S1,2.9,15.0,0.14,0
S4,2.8,24.0,0.06,0
S2,0.4,24.0,0.04,0
S1,2.5,34.0,0.14,0
S1,3.2,22.0,0.14,0
S2,0.0,37.0,0.04,0
S3,0.2,6.0,0.09,0
S1,13.9,10.0,0.14,0
S4,1.2,18.0,0.06,0
S1,13.9,17.0,0.14,0
S2,0.9,37.0,0.04,0
S3,0.4,24.0,0.09,0
S3,2.4,33.0,0.09,0
S3,1.2,10.0,0.09,0
S4,2.1,3.0,0.06,1
S4,0.3,4.0,0.06,0
S2,0.9,3.0,0.04,0
S2,3.1,8.0,0.04,0
S3,3.9,11.0,0.09,0
S2,2.6,7.0,0.04,0
S3,8.4,13.0,0.09,0
S2,0.2,38.0,0.04,0
S1,0.3,7.0,0.14,0
S4,3.6,8.0,0.06,0
S3,3.1,38.0,0.09,0
S2,2.6,40.0,0.04,0
S4,0.8,37.0,0.06,0
S2,2.1,34.0,0.04,0
S1,19.6,19.0,0.14,1
S4,3.0,36.0,0.06,1
S4,2.4,21.0,0.06,0
S3,5.1,8.0,0.09,0
S2,0.9,13.0,0.04,0
S3,0.5,8.0,0.09,0
S4,0.2,6.0,0.06,0
S1,14.1,28.0,0.14,1
S4,1.7,24.0,0.06,0
S2,2.1,9.0,0.04,0
S3,1.9,9.0,0.09,0
S1,3.4,22.0,0.14,0
S1,4.8,15.0,0.14,0
S3,0.8,13.0,0.09,0
S2,0.1,34.0,0.04,0
S2,1.1,7.0,0.04,0
S1,0.7,7.0,0.14,0
S4,1.2,24.0,0.06,0
S1,10.4,16.0,0.14,0
S3,0.9,40.0,0.09,0
S2,0.5,13.0,0.04,0
S1,20.7,17.0,0.14,1
S2,0.2,21.0,0.04,0
S1,7.9,21.0,0.14,0
S4,1.3,30.0,0.06,0
S3,3.3,22.0,0.09,0
S3,10.4,18.0,0.09,0
S2,0.4,25.0,0.04,0
S3,0.2,29.0,0.09,0
S4,1.3,8.0,0.06,0
S3,0.3,28.0,0.09,0
S2,0.7,25.0,0.04,0
S2,2.1,3.0,0.04,0
S2,0.3,20.0,0.04,0
S2,0.1,28.0,0.04,0
S3,1.5,31.0,0.09,0
S1,3.7,3.0,0.14,0
S1,0.6,7.0,0.14,0
S1,6.0,27.0,0.14,1
S1,1.8,24.0,0.14,0
S2,1.4,26.0,0.04,0
S2,0.5,19.0,0.04,0
S3,2.1,16.0,0.09,0
S3,1.6,40.0,0.09,0
S4,0.4,18.0,0.06,0
S1,15.4,31.0,0.14,1
S2,0.5,38.0,0.04,0
S3,5.6,7.0,0.09,0
S1,19.7,12.0,0.14,0
S4,1.1,31.0,0.06,0
S3,0.4,21.0,0.09,0
S3,2.1,15.0,0.09,0
S1,6.6,7.0,0.14,1
S4,3.9,34.0,0.06,0
S3,2.2,39.0,0.09,0
S1,0.5,12.0,0.14,0
S3,1.6,33.0,0.09,0
S1,1.1,3.0,0.14,0
S2,0.5,19.0,0.04,0
S3,3.3,19.0,0.09,0
S4,0.8,17.0,0.06,0
S2,0.1,2.0,0.04,0
S1,2.0,23.0,0.14,0
S3,1.1,39.0,0.09,0
S2,0.1,10.0,0.04,0
S4,1.5,4.0,0.06,0
S3,0.7,16.0,0.09,0
S4,1.2,3.0,0.06,0
S2,0.5,12.0,0.04,0
S2,0.3,21.0,0.04,0
S4,0.6,10.0,0.06,0
S3,3.0,11.0,0.09,0
S4,0.0,10.0,0.06,0
S4,0.5,26.0,0.06,0
S2,0.2,37.0,0.04,0
S3,5.2,14.0,0.09,0
S2,0.0,21.0,0.04,0
S1,4.1,21.0,0.14,0
S3,1.9,25.0,0.09,0
S1,0.9,37.0,0.14,0
S2,0.9,30.0,0.04,0
S2,0.3,4.0,0.04,0
S4,0.2,32.0,0.06,0
S4,0.7,34.0,0.06,0
S3,1.4,35.0,0.09,0
S4,1.4,38.0,0.06,0
S4,0.4,14.0,0.06,0
S4,0.4,19.0,0.06,0
S4,1.6,18.0,0.06,0
S4,1.3,25.0,0.06,0
S1,0.2,22.0,0.14,0
S3,0.8,8.0,0.09,1
S4,1.5,6.0,0.06,0
S3,4.5,26.0,0.09,0
S3,4.2,21.0,0.09,0
S4,0.1,7.0,0.06,0
S3,0.8,9.0,0.09,0
S1,29.8,5.0,0.14,0
S4,0.5,22.0,0.06,0
S1,32.1,34.0,0.14,1
S3,5.6,9.0,0.09,0
S1,3.8,28.0,0.14,0
S3,4.6,14.0,0.09,0
S4,1.1,25.0,0.06,0
S2,0.0,19.0,0.04,0
S2,0.1,30.0,0.04,0
S4,0.2,12.0,0.06,0
S4,0.5,25.0,0.06,0
S3,4.4,33.0,0.09,0
S4,2.5,3.0,0.06,0
S1,14.4,34.0,0.14,0
S2,4.4,17.0,0.04,0
S1,1.3,12.0,0.14,0
S2,0.9,39.0,0.04,0
S1,11.6,36.0,0.14,0
S1,2.8,29.0,0.14,0
S2,0.5,26.0,0.04,0
S2,0.6,38.0,0.04,0
S2,0.4,38.0,0.04,0
S3,1.9,35.0,0.09,0
S1,3.8,15.0,0.14,0
S2,0.3,19.0,0.04,0
S2,0.4,32.0,0.04,0
S3,0.2,37.0,0.09,0
S4,0.9,20.0,0.06,0
S1,16.6,6.0,0.14,0
S4,1.4,17.0,0.06,1
S3,0.5,21.0,0.09,0
S2,1.4,39.0,0.04,0
S4,0.2,2.0,0.06,0
S4,1.0,18.0,0.06,0
S4,1.9,9.0,0.06,0
S3,0.5,26.0,0.09,0
S3,0.5,38.0,0.09,0
S1,1.1,24.0,0.14,1
S2,0.1,25.0,0.04,0
S2,0.1,15.0,0.04,0
S2,1.4,19.0,0.04,0
S1,1.2,23.0,0.14,0
S4,0.2,16.0,0.06,0
S1,6.1,40.0,0.14,0
S3,1.0,2.0,0.09,0
S4,1.1,26.0,0.06,0
S1,7.0,8.0,0.14,0
S2,0.5,40.0,0.04,0
S3,3.1,30.0,0.09,0
S2,0.4,14.0,0.04,0
S4,0.5,38.0,0.06,0
S2,0.1,3.0,0.04,0
S3,1.5,26.0,0.09,0
S3,4.3,29.0,0.09,0
S3,4.9,22.0,0.09,0
S3,5.8,12.0,0.09,1
S2,0.3,40.0,0.04,0
S2,0.4,37.0,0.04,0
S3,1.7,27.0,0.09,0
S3,1.6,23.0,0.09,0
S2,0.1,10.0,0.04,0
S2,0.7,39.0,0.04,0
S3,1.4,25.0,0.09,0
S4,0.3,12.0,0.06,0
S3,2.3,32.0,0.09,0
S1,8.6,39.0,0.14,0
S3,1.0,4.0,0.09,0
S2,0.1,31.0,0.04,0
S4,1.2,9.0,0.06,0
S1,8.5,28.0,0.14,1
S3,2.1,12.0,0.09,0
S4,3.7,12.0,0.06,0
S2,0.2,10.0,0.04,0
S3,0.6,32.0,0.09,0
S3,1.9,6.0,0.09,0
S3,5.5,20.0,0.09,0
S1,2.5,25.0,0.14,0
S3,1.9,23.0,0.09,1
S1,7.3,38.0,0.14,0
S1,24.0,8.0,0.14,0
S3,2.2,23.0,0.09,0
S2,2.1,40.0,0.04,0
S1,4.2,32.0,0.14,1
S1,1.2,14.0,0.14,0
S1,9.1,24.0,0.14,0
S2,1.8,21.0,0.04,0
S4,1.7,37.0,0.06,0
S4,4.1,14.0,0.06,1
S3,3.6,28.0,0.09,0
S2,0.5,37.0,0.04,0
S3,2.1,31.0,0.09,0
S3,6.0,11.0,0.09,0
S1,4.3,9.0,0.14,0
S3,6.7,15.0,0.09,0
S4,0.2,24.0,0.06,0
S1,2.8,18.0,0.14,0
S4,0.8,7.0,0.06,0
S1,7.8,29.0,0.14,1
S4,0.2,28.0,0.06,0
S4,0.3,2.0,0.06,0
S3,5.7,20.0,0.09,0
S1,4.0,31.0,0.14,0
S2,3.5,19.0,0.04,0
S2,1.8,40.0,0.04,0
S4,2.0,24.0,0.06,0
S4,0.5,40.0,0.06,0
S4,1.1,14.0,0.06,0
S1,3.8,32.0,0.14,0
S4,0.3,15.0,0.06,0
S1,3.7,6.0,0.14,0
S1,1.1,25.0,0.14,0
S2,1.8,33.0,0.04,0
S1,8.9,2.0,0.14,0
S4,0.5,10.0,0.06,0
S3,1.7,8.0,0.09,0
S1,1.7,12.0,0.14,0
S1,2.6,2.0,0.14,0
S1,9.4,9.0,0.14,0
S3,0.7,26.0,0.09,0
S2,0.0,5.0,0.04,0
S3,2.3,32.0,0.09,0
S3,4.4,28.0,0.09,0
S3,1.2,28.0,0.09,0
S2,2.9,31.0,0.04,0
S2,0.2,13.0,0.04,0
S4,1.0,31.0,0.06,0
S4,1.4,20.0,0.06,0
S3,0.0,22.0,0.09,0
S3,1.0,30.0,0.09,0
S3,2.4,9.0,0.09,0
S3,0.2,35.0,0.09,0
S3,0.8,25.0,0.09,0
S4,0.3,28.0,0.06,0
S3,1.7,2.0,0.09,0
S1,0.4,20.0,0.14,0
S2,0.5,30.0,0.04,0
S4,0.9,9.0,0.06,0
S3,0.8,39.0,0.09,0
S2,1.8,19.0,0.04,0
S4,0.2,10.0,0.06,0
S1,3.7,11.0,0.14,0
S1,7.2,31.0,0.14,0
S2,0.3,21.0,0.04,0
S3,0.8,14.0,0.09,0
S4,1.5,32.0,0.06,0
S3,7.7,8.0,0.09,0
S1,7.6,18.0,0.14,0
S2,0.6,18.0,0.04,0
S3,5.9,36.0,0.09,0
S2,0.3,20.0,0.04,0
S2,1.4,9.0,0.04,0
S2,0.4,37.0,0.04,0
S4,1.6,22.0,0.06,0
S3,7.4,28.0,0.09,0
S3,7.0,33.0,0.09,0
S3,2.6,30.0,0.09,0
S3,4.5,11.0,0.09,0
S2,0.3,30.0,0.04,0
S1,3.9,9.0,0.14,0
S2,0.3,23.0,0.04,0
S4,1.6,3.0,0.06,0
S4,4.1,27.0,0.06,0
S2,0.3,17.0,0.04,0
S3,1.4,19.0,0.09,0
S2,1.6,11.0,0.04,0
S4,2.2,6.0,0.06,0
S3,0.0,30.0,0.09,0
S3,3.7,38.0,0.09,0
S1,14.9,20.0,0.14,0
S2,0.4,2.0,0.04,0
S2,1.0,39.0,0.04,0
S3,7.2,3.0,0.09,0
S4,0.5,33.0,0.06,0
S1,21.3,11.0,0.14,0
S3,0.9,30.0,0.09,0
S3,1.6,39.0,0.09,0
S3,0.8,25.0,0.09,0
S1,2.9,31.0,0.14,1
S4,0.5,31.0,0.06,0
S4,1.4,8.0,0.06,0
S2,0.0,21.0,0.04,0
S1,4.2,23.0,0.14,0
S2,1.7,22.0,0.04,0
S2,1.2,40.0,0.04,0
S2,1.2,31.0,0.04,0
S3,4.4,5.0,0.09,0
S3,0.2,16.0,0.09,0
S2,0.4,22.0,0.04,1
S4,0.7,16.0,0.06,0
S1,2.9,20.0,0.14,0
S2,0.3,32.0,0.04,0
S3,4.2,22.0,0.09,0
S3,3.7,31.0,0.09,0
S1,4.0,29.0,0.14,0
S3,4.1,23.0,0.09,0
S1,8.5,32.0,0.14,0
S2,0.6,9.0,0.04,0
S1,8.0,32.0,0.14,1
S4,0.1,15.0,0.06,0
S4,1.8,36.0,0.06,0
S3,4.3,22.0,0.09,0
S3,0.1,22.0,0.09,0
S1,15.8,32.0,0.14,0
S4,0.8,34.0,0.06,0
S1,0.6,17.0,0.14,0
S3,1.7,29.0,0.09,0
S1,5.7,3.0,0.14,0
S3,0.3,37.0,0.09,0
S2,0.3,8.0,0.04,0
S1,5.0,13.0,0.14,0
S2,0.1,18.0,0.04,0
S3,2.3,29.0,0.09,0
S2,0.0,24.0,0.04,0
S2,0.4,36.0,0.04,0
S3,2.3,10.0,0.09,0
S2,0.1,26.0,0.04,0
S3,1.6,8.0,0.09,0
S4,1.0,32.0,0.06,0
S3,4.8,11.0,0.09,0
S2,0.2,11.0,0.04,0
S4,0.4,8.0,0.06,0
S2,0.8,3.0,0.04,0
S4,2.8,18.0,0.06,0
S1,2.9,15.0,0.14,0
S1,3.6,14.0,0.14,0
S3,3.6,25.0,0.09,0
S3,1.8,40.0,0.09,0
S3,3.2,33.0,0.09,0
S4,1.2,27.0,0.06,0
S3,2.4,11.0,0.09,0
S3,3.9,3.0,0.09,0
S1,3.4,3.0,0.14,0
S2,0.1,39.0,0.04,0
S4,1.2,19.0,0.06,0
S1,25.7,13.0,0.14,0
S4,0.3,31.0,0.06,0
S3,1.1,28.0,0.09,1
S4,0.6,37.0,0.06,0
S3,0.5,17.0,0.09,0
S1,0.6,7.0,0.14,0
S1,6.0,8.0,0.14,0
S1,7.9,34.0,0.14,1
S2,0.0,6.0,0.04,0
S4,2.9,22.0,0.06,0
S3,0.5,11.0,0.09,0
S3,8.8,8.0,0.09,0
S2,0.9,9.0,0.04,0
S1,6.2,29.0,0.14,0
S4,0.4,25.0,0.06,0
S3,1.0,9.0,0.09,0
S2,0.7,17.0,0.04,0
S2,0.4,37.0,0.04,0
S3,2.5,31.0,0.09,0
S3,0.8,17.0,0.09,0
S3,2.1,17.0,0.09,1
S2,0.1,25.0,0.04,0
S1,7.0,6.0,0.14,0
S4,0.3,3.0,0.06,0
S3,1.0,19.0,0.09,0
S4,1.1,22.0,0.06,0
S1,3.5,37.0,0.14,0
S2,0.0,26.0,0.04,0
S3,3.1,6.0,0.09,0
S4,1.6,13.0,0.06,0
S2,0.5,14.0,0.04,0
S3,2.8,14.0,0.09,0
S3,13.7,35.0,0.09,1
S4,0.3,11.0,0.06,0
S1,13.1,19.0,0.14,0
S3,1.3,2.0,0.09,0
S4,0.0,25.0,0.06,0
S1,0.1,36.0,0.14,0
S4,0.2,15.0,0.06,0
S2,0.7,27.0,0.04,0
S1,11.3,4.0,0.14,0
S4,0.7,7.0,0.06,0
S3,1.8,33.0,0.09,0
S1,2.8,19.0,0.14,0
S1,0.1,18.0,0.14,0
S4,1.4,38.0,0.06,0
S3,2.8,24.0,0.09,0
S1,2.0,20.0,0.14,0
S3,1.8,27.0,0.09,0
S4,0.9,25.0,0.06,0
S2,0.1,20.0,0.04,0
S2,0.8,18.0,0.04,0
S2,0.7,40.0,0.04,0
S2,0.2,5.0,0.04,0
S1,0.3,6.0,0.14,0
S2,1.3,26.0,0.04,0
S4,1.8,18.0,0.06,1
S2,1.8,12.0,0.04,0
S1,3.4,22.0,0.14,0
S1,0.4,30.0,0.14,1
S2,0.4,14.0,0.04,0
S1,0.2,31.0,0.14,0
S4,0.3,21.0,0.06,0
S1,9.6,39.0,0.14,0
S3,0.0,10.0,0.09,0
S3,1.3,40.0,0.09,0
S4,1.1,21.0,0.06,0
S1,15.5,39.0,0.14,1
S2,0.1,29.0,0.04,0
S3,1.6,9.0,0.09,0
S3,11.9,5.0,0.09,0
S1,1.6,15.0,0.14,0
S3,3.3,38.0,0.09,0
S2,0.5,12.0,0.04,0
S2,0.0,25.0,0.04,0
S2,0.0,27.0,0.04,0
S4,1.8,27.0,0.06,0
S1,0.6,40.0,0.14,0
S4,0.3,27.0,0.06,0
S4,0.8,31.0,0.06,0
S3,0.3,34.0,0.09,0
S3,1.1,20.0,0.09,0
S2,0.5,2.0,0.04,0
S4,1.1,7.0,0.06,0
S2,0.2,18.0,0.04,0
S3,3.1,25.0,0.09,0
S4,2.2,25.0,0.06,0
S4,1.2,17.0,0.06,0
S4,0.5,21.0,0.06,0
S3,0.5,24.0,0.09,0
S2,0.9,26.0,0.04,0
S4,0.6,39.0,0.06,0
S3,5.9,24.0,0.09,1
S3,2.9,38.0,0.09,1
S3,0.5,14.0,0.09,0
S4,1.7,26.0,0.06,0
S4,1.1,11.0,0.06,0
S2,0.2,21.0,0.04,0
S2,0.4,26.0,0.04,0
S1,7.6,16.0,0.14,0
S1,12.7,2.0,0.14,0
S2,3.5,5.0,0.04,0
S1,9.7,4.0,0.14,1
S3,0.7,34.0,0.09,0
S1,3.3,27.0,0.14,0
S1,7.3,27.0,0.14,1
S3,0.4,25.0,0.09,0
S1,2.6,14.0,0.14,0
S3,5.6,19.0,0.09,0
S2,0.1,3.0,0.04,0
S4,0.3,40.0,0.06,0
S1,2.5,4.0,0.14,0
S2,0.1,12.0,0.04,0
S1,4.3,34.0,0.14,0
S1,6.3,20.0,0.14,0
S3,1.0,2.0,0.09,0
S4,1.1,6.0,0.06,0
S2,1.1,33.0,0.04,0
S1,2.3,22.0,0.14,0
S1,11.5,26.0,0.14,0
S4,0.7,13.0,0.06,0
S3,1.1,39.0,0.09,0
S3,0.7,35.0,0.09,0
S2,1.8,28.0,0.04,0
S4,0.7,2.0,0.06,0
S4,2.1,17.0,0.06,0
S4,0.2,25.0,0.06,0
S1,1.1,13.0,0.14,0
S3,1.6,29.0,0.09,0
S1,14.5,6.0,0.14,0
S1,35.3,36.0,0.14,1
S4,2.2,28.0,0.06,0
S2,3.6,28.0,0.04,0
S1,2.6,40.0,0.14,0
S2,0.1,3.0,0.04,0
S1,0.3,14.0,0.14,0
S1,8.5,13.0,0.14,0
S1,2.1,22.0,0.14,0
S2,0.8,8.0,0.04,0
S2,0.5,13.0,0.04,0
S1,8.1,22.0,0.14,0
S4,0.0,22.0,0.06,0
S4,1.1,7.0,0.06,0
S2,0.1,40.0,0.04,0
S4,0.6,27.0,0.06,0
S3,10.0,18.0,0.09,0
S2,3.9,40.0,0.04,0
S2,0.4,4.0,0.04,0
S1,7.8,37.0,0.14,0
S1,5.5,4.0,0.14,0
S4,0.6,18.0,0.06,0
S1,6.7,8.0,0.14,0
S4,0.4,37.0,0.06,0
S1,4.8,35.0,0.14,0
S2,0.7,26.0,0.04,0
S3,0.9,11.0,0.09,0
S4,0.4,35.0,0.06,0
S2,1.5,23.0,0.04,0
S3,3.0,37.0,0.09,0
S3,0.6,34.0,0.09,0
S4,2.6,19.0,0.06,0
S4,1.5,5.0,0.06,0
S1,2.4,5.0,0.14,0
S1,6.9,34.0,0.14,0
S1,7.8,35.0,0.14,1
S4,1.0,15.0,0.06,0
S3,1.2,32.0,0.09,0
S3,0.7,6.0,0.09,0
S3,1.6,25.0,0.09,0
S4,0.2,25.0,0.06,0
S3,10.6,28.0,0.09,0
S4,1.8,21.0,0.06,0
S2,0.0,39.0,0.04,0
S2,2.1,34.0,0.04,0
S4,0.7,19.0,0.06,0
S1,0.8,27.0,0.14,0
S3,2.7,7.0,0.09,0
S1,0.0,8.0,0.14,0
S4,1.3,5.0,0.06,0
S3,0.8,33.0,0.09,0
S1,12.0,37.0,0.14,1
S4,2.7,22.0,0.06,0
S3,4.0,3.0,0.09,0
S2,0.4,38.0,0.04,0
S2,0.6,28.0,0.04,0
S3,5.5,33.0,0.09,0
S1,0.3,11.0,0.14,0
S2,3.0,4.0,0.04,0
S2,0.6,25.0,0.04,0
S4,4.3,19.0,0.06,0
S4,2.2,21.0,0.06,0
S1,4.8,11.0,0.14,0
S2,0.4,38.0,0.04,0
S4,1.3,12.0,0.06,0
S1,1.2,28.0,0.14,0
S4,0.0,25.0,0.06,0
S1,2.1,14.0,0.14,0
S2,0.9,24.0,0.04,0
S4,2.9,10.0,0.06,0
S4,1.2,2.0,0.06,0
S3,6.9,19.0,0.09,0
S3,2.1,26.0,0.09,0
S1,1.0,17.0,0.14,0
S2,0.8,16.0,0.04,0
S4,0.5,40.0,0.06,0
S2,0.2,10.0,0.04,0
S3,2.5,26.0,0.09,1
S1,5.7,22.0,0.14,0
S3,0.1,40.0,0.09,0
S1,9.2,23.0,0.14,0
S4,1.3,22.0,0.06,0
S4,0.1,27.0,0.06,0
S4,1.1,22.0,0.06,0
S1,1.2,39.0,0.14,0
S1,4.2,20.0,0.14,0
S1,29.0,21.0,0.14,1
S1,1.3,9.0,0.14,0
S4,3.2,8.0,0.06,0
S3,0.4,25.0,0.09,0
S2,0.2,17.0,0.04,0
S1,3.6,30.0,0.14,1
S2,0.3,15.0,0.04,0
S4,0.7,38.0,0.06,0
S4,4.5,31.0,0.06,0
S1,2.1,37.0,0.14,0
S2,0.4,37.0,0.04,0
S4,0.7,40.0,0.06,0
S2,1.3,9.0,0.04,1
S4,1.4,4.0,0.06,0
S2,0.2,12.0,0.04,0
S4,0.1,7.0,0.06,0
S4,0.3,36.0,0.06,0
S3,3.6,40.0,0.09,1
S2,0.9,17.0,0.04,0
S1,10.7,38.0,0.14,1
S1,29.6,13.0,0.14,1
S3,0.7,39.0,0.09,0
S2,0.7,38.0,0.04,0
S2,0.8,13.0,0.04,0
S3,1.1,7.0,0.09,0
S4,0.5,11.0,0.06,0
S3,0.2,31.0,0.09,0
S2,0.4,14.0,0.04,0
S2,1.1,40.0,0.04,0
S4,0.2,34.0,0.06,0
S2,0.1,29.0,0.04,0
S2,2.5,20.0,0.04,0
S3,0.5,28.0,0.09,0
S4,5.9,27.0,0.06,0
S1,14.2,21.0,0.14,0
S2,1.3,33.0,0.04,0
S4,1.2,32.0,0.06,0
S1,4.6,30.0,0.14,0
S4,0.5,32.0,0.06,0
S3,3.5,3.0,0.09,0
S1,21.3,22.0,0.14,1
S3,0.3,18.0,0.09,0
S1,7.0,36.0,0.14,0
S3,7.3,19.0,0.09,0
S2,0.2,37.0,0.04,0
S1,17.2,21.0,0.14,0
S4,0.8,7.0,0.06,0
S2,0.4,29.0,0.04,0
S2,1.0,13.0,0.04,0
S4,2.0,36.0,0.06,0
S1,18.6,23.0,0.14,0
S2,1.6,9.0,0.04,0
S1,3.7,6.0,0.14,0
S2,0.5,29.0,0.04,0
S4,2.9,22.0,0.06,0
S3,2.1,19.0,0.09,0
S4,0.1,2.0,0.06,0
S3,1.2,29.0,0.09,0
S2,0.0,24.0,0.04,0
S2,1.6,34.0,0.04,0
S4,4.1,3.0,0.06,0
S2,1.7,28.0,0.04,0
S4,2.0,31.0,0.06,0
S2,0.9,40.0,0.04,0
S4,1.4,24.0,0.06,0
S2,1.4,8.0,0.04,0
S3,0.9,6.0,0.09,0
S1,4.8,35.0,0.14,0
S2,0.1,7.0,0.04,0
S3,4.5,30.0,0.09,0
S1,5.5,26.0,0.14,0
S3,1.7,4.0,0.09,0
S4,0.7,28.0,0.06,0
S2,0.3,31.0,0.04,0
S3,5.2,2.0,0.09,0
S3,4.0,26.0,0.09,1
S4,0.9,29.0,0.06,0
S2,0.4,10.0,0.04,0
S3,4.2,30.0,0.09,0
S4,0.8,25.0,0.06,0
S1,10.3,5.0,0.14,0
S2,0.1,17.0,0.04,0
S3,1.0,9.0,0.09,0
S4,6.8,8.0,0.06,0
S1,9.9,21.0,0.14,0
S3,5.2,3.0,0.09,0
S3,1.5,13.0,0.09,0
S4,5.0,4.0,0.06,0
S1,2.5,30.0,0.14,0
S4,0.8,40.0,0.06,0
S4,0.9,26.0,0.06,0
S2,0.0,32.0,0.04,0
S1,25.6,27.0,0.14,1
S4,1.1,15.0,0.06,0
S3,1.8,39.0,0.09,0
S2,1.0,32.0,0.04,0
S3,1.9,4.0,0.09,0
S1,0.3,30.0,0.14,0
S1,2.8,40.0,0.14,0
S2,3.0,3.0,0.04,0
S4,0.3,23.0,0.06,0
S3,0.7,37.0,0.09,0
S3,1.4,40.0,0.09,0
S1,12.6,13.0,0.14,0
S4,3.1,33.0,0.06,0
S4,0.1,19.0,0.06,0
S2,0.1,13.0,0.04,0
S2,0.8,28.0,0.04,0
S3,0.8,34.0,0.09,0
S3,7.8,18.0,0.09,0
S4,1.7,28.0,0.06,0
S1,3.2,6.0,0.14,0
S4,1.6,32.0,0.06,0
S2,0.3,17.0,0.04,0
S4,0.1,39.0,0.06,0
S3,1.7,19.0,0.09,0
S3,0.8,9.0,0.09,0
S2,0.6,6.0,0.04,0
S2,0.1,24.0,0.04,0
S3,3.7,14.0,0.09,0
S3,7.9,17.0,0.09,0
S2,0.1,21.0,0.04,0
S3,1.9,15.0,0.09,0
S3,1.3,5.0,0.09,1
S3,5.0,28.0,0.09,0
S4,0.8,6.0,0.06,0
S3,0.4,35.0,0.09,0
S1,12.0,15.0,0.14,0
S2,0.4,6.0,0.04,0
S2,0.0,16.0,0.04,0
S1,2.9,2.0,0.14,0
S1,0.2,12.0,0.14,0
S2,1.8,23.0,0.04,0
S4,3.5,3.0,0.06,0
S4,1.2,32.0,0.06,0
S2,1.0,12.0,0.04,0
S1,0.1,32.0,0.14,0
S3,0.3,19.0,0.09,0
S2,1.3,17.0,0.04,0
S3,2.7,23.0,0.09,0
S2,0.3,8.0,0.04,0
S4,0.2,26.0,0.06,0
S3,1.7,12.0,0.09,0
S2,0.4,18.0,0.04,0
S4,1.5,15.0,0.06,0
S1,24.7,21.0,0.14,0
S1,1.6,30.0,0.14,0
S2,0.2,9.0,0.04,0
S1,8.3,21.0,0.14,0
S2,0.6,23.0,0.04,0
S1,3.4,7.0,0.14,0
S3,0.2,36.0,0.09,0
S4,1.1,22.0,0.06,0
S3,3.7,36.0,0.09,0
S1,10.1,15.0,0.14,0
S2,2.6,39.0,0.04,0
S3,3.2,7.0,0.09,0
S3,0.6,10.0,0.09,0
S2,0.7,39.0,0.04,0
S4,0.1,15.0,0.06,0
S3,2.0,35.0,0.09,0
S2,0.3,24.0,0.04,0
S2,0.5,33.0,0.04,0
S1,1.6,17.0,0.14,0
S4,1.4,12.0,0.06,0
S4,0.5,9.0,0.06,0
S3,1.5,31.0,0.09,0
S2,0.4,17.0,0.04,0
S4,0.8,15.0,0.06,0
S4,0.1,28.0,0.06,1
S1,16.4,33.0,0.14,1
S1,12.1,26.0,0.14,0
S3,2.4,18.0,0.09,0
S2,0.2,28.0,0.04,0
S1,4.1,7.0,0.14,0
S4,0.3,9.0,0.06,0
S2,2.6,22.0,0.04,0
S4,1.5,9.0,0.06,0
S2,0.5,12.0,0.04,0
S1,5.6,26.0,0.14,0
S3,0.9,30.0,0.09,0
S3,0.0,36.0,0.09,0
S1,8.3,35.0,0.14,0
S4,0.6,39.0,0.06,0
S2,0.1,28.0,0.04,0
S2,1.1,29.0,0.04,0
S1,1.1,10.0,0.14,0
S1,2.6,37.0,0.14,0
S3,0.1,22.0,0.09,0
S2,0.0,7.0,0.04,0
S4,3.8,7.0,0.06,0
S4,2.5,19.0,0.06,0
S2,0.1,40.0,0.04,0
S1,3.9,11.0,0.14,0
S1,0.7,17.0,0.14,0
S2,2.2,37.0,0.04,0
S3,2.2,14.0,0.09,0
S2,1.0,18.0,0.04,0
S2,4.1,40.0,0.04,1
S3,4.3,23.0,0.09,0
S1,3.8,20.0,0.14,0
S1,11.0,37.0,0.14,0
S3,0.4,28.0,0.09,0
S3,2.0,22.0,0.09,0
S3,1.3,13.0,0.09,1
S4,1.0,15.0,0.06,0
S2,0.7,11.0,0.04,0
S1,5.9,35.0,0.14,0
S2,0.0,16.0,0.04,0
S4,1.1,6.0,0.06,0
S4,1.3,26.0,0.06,0
S2,1.1,6.0,0.04,0
S3,2.4,2.0,0.09,0
S2,1.2,5.0,0.04,0
S2,0.0,27.0,0.04,0
S2,0.1,5.0,0.04,0
S1,13.7,38.0,0.14,1
S2,0.6,30.0,0.04,0
S1,11.4,14.0,0.14,0
S1,6.8,36.0,0.14,0
S3,0.9,29.0,0.09,0
S3,1.3,16.0,0.09,0
S1,1.8,31.0,0.14,0
S4,0.3,2.0,0.06,0
S4,0.7,22.0,0.06,0
S1,1.7,10.0,0.14,0
S3,4.1,19.0,0.09,0
S3,1.5,19.0,0.09,0
S4,2.2,15.0,0.06,0
S2,1.2,6.0,0.04,0
S2,0.9,34.0,0.04,0
S4,1.8,15.0,0.06,0
S1,0.2,8.0,0.14,0
S1,11.3,10.0,0.14,0
S2,0.2,31.0,0.04,0
S2,1.1,3.0,0.04,0
S1,20.3,28.0,0.14,1
S1,8.3,39.0,0.14,0
S4,1.4,2.0,0.06,0
S4,0.6,3.0,0.06,0
S3,0.2,32.0,0.09,0
S2,0.4,19.0,0.04,0
S2,0.7,24.0,0.04,0
S3,0.9,32.0,0.09,0
S4,0.3,36.0,0.06,0
S3,4.0,31.0,0.09,1
S3,4.8,35.0,0.09,1
S1,0.6,23.0,0.14,0
S1,4.1,28.0,0.14,0
S3,2.2,19.0,0.09,0
S3,3.9,28.0,0.09,0
S3,1.4,20.0,0.09,0
S2,0.5,9.0,0.04,0
S3,2.7,17.0,0.09,0
S4,0.6,28.0,0.06,0
S4,2.0,37.0,0.06,0
S4,4.3,18.0,0.06,0
S4,0.0,26.0,0.06,0
S4,0.1,32.0,0.06,0
S3,5.9,13.0,0.09,0
S2,0.3,34.0,0.04,0
S3,3.3,35.0,0.09,0
S2,1.4,30.0,0.04,0
S2,1.8,40.0,0.04,0
S1,3.7,16.0,0.14,0
S4,1.2,22.0,0.06,0
S2,0.0,29.0,0.04,0
S2,1.4,34.0,0.04,0
S4,0.1,16.0,0.06,0
S3,7.7,8.0,0.09,0
S2,0.2,34.0,0.04,0
S1,5.3,7.0,0.14,0
S4,0.5,12.0,0.06,0
S4,0.3,23.0,0.06,0
S4,1.1,13.0,0.06,0
S2,0.8,3.0,0.04,0
S4,0.6,18.0,0.06,0
S2,0.9,28.0,0.04,0
S3,0.2,13.0,0.09,0
S4,0.7,19.0,0.06,0
S3,0.2,39.0,0.09,0
S4,2.6,17.0,0.06,0
S3,5.0,11.0,0.09,0
S3,4.8,24.0,0.09,0
S3,2.1,4.0,0.09,0
S3,0.8,5.0,0.09,0
S1,4.1,29.0,0.14,0
S3,6.4,28.0,0.09,1
S2,1.1,31.0,0.04,0
S1,14.9,9.0,0.14,0
S2,1.6,27.0,0.04,0
S2,2.8,4.0,0.04,0
S2,2.1,28.0,0.04,0
S3,1.7,18.0,0.09,0
S1,4.5,28.0,0.14,0
S4,0.3,40.0,0.06,0
S4,2.6,23.0,0.06,0
S3,1.3,19.0,0.09,0
S4,2.2,5.0,0.06,0
S4,1.1,30.0,0.06,0
S4,2.6,4.0,0.06,0
S1,8.5,27.0,0.14,1
S2,1.6,7.0,0.04,0
S1,2.6,38.0,0.14,0
S1,0.3,4.0,0.14,0
S2,1.8,19.0,0.04,0
S1,4.3,18.0,0.14,0
S1,3.2,32.0,0.14,0
S1,15.5,12.0,0.14,1
S4,2.9,31.0,0.06,0
S4,0.6,11.0,0.06,0
S3,1.6,16.0,0.09,0
S4,1.4,27.0,0.06,0
S2,1.2,2.0,0.04,0
S2,0.2,33.0,0.04,0
S2,0.4,36.0,0.04,0
S4,1.6,10.0,0.06,0
S1,0.0,14.0,0.14,0
S1,1.3,36.0,0.14,0
S3,1.3,23.0,0.09,0
S3,0.3,37.0,0.09,0
S2,0.1,28.0,0.04,0
S2,0.0,3.0,0.04,0
S4,0.7,36.0,0.06,0
S4,1.6,33.0,0.06,0
S1,13.2,3.0,0.14,0
S4,1.7,16.0,0.06,0
S2,1.3,36.0,0.04,0
S3,12.5,31.0,0.09,0
S4,0.7,29.0,0.06,0
S3,0.3,34.0,0.09,0
S1,2.7,8.0,0.14,0
S4,0.4,8.0,0.06,0
S4,0.5,38.0,0.06,0
S3,1.6,13.0,0.09,0
S4,4.1,4.0,0.06,0
S3,0.3,22.0,0.09,0
S4,0.4,33.0,0.06,0
S4,1.6,27.0,0.06,0
S2,0.8,31.0,0.04,0
S3,7.4,27.0,0.09,0
S2,2.4,36.0,0.04,0
S2,1.4,28.0,0.04,0
S4,0.3,8.0,0.06,0
S1,0.5,39.0,0.14,0
S3,0.6,35.0,0.09,0
S4,2.2,38.0,0.06,0
S4,2.9,20.0,0.06,0
S1,31.1,19.0,0.14,1
S2,0.4,12.0,0.04,0
S1,3.4,12.0,0.14,0
S2,0.7,4.0,0.04,0
S2,1.7,16.0,0.04,0
S3,0.9,2.0,0.09,0
S1,3.8,28.0,0.14,0
S3,4.2,19.0,0.09,0
S3,0.3,11.0,0.09,0
S3,0.1,26.0,0.09,0
S1,4.4,33.0,0.14,0
S2,0.3,40.0,0.04,0
S1,2.0,17.0,0.14,0
S3,3.5,21.0,0.09,0
S1,0.2,10.0,0.14,0
S4,0.3,31.0,0.06,0
S1,12.0,7.0,0.14,0
S2,1.7,18.0,0.04,0
S3,0.7,33.0,0.09,0
S1,0.6,5.0,0.14,0
S2,0.1,37.0,0.04,0
S2,0.2,18.0,0.04,0
S4,0.5,14.0,0.06,0
S2,1.4,8.0,0.04,0
S2,0.6,22.0,0.04,0
S1,6.2,20.0,0.14,0
S4,0.7,29.0,0.06,0
S3,1.7,38.0,0.09,1
S2,2.4,29.0,0.04,0
S4,4.2,3.0,0.06,0
S2,1.0,4.0,0.04,0
S3,5.8,19.0,0.09,1
S4,4.4,21.0,0.06,0
S1,7.9,33.0,0.14,0
S1,0.5,25.0,0.14,0
S2,0.1,6.0,0.04,0
S2,0.1,30.0,0.04,0
S4,0.2,15.0,0.06,0
S3,2.7,18.0,0.09,0
S1,11.6,17.0,0.14,0
S3,7.1,12.0,0.09,0
S1,0.2,12.0,0.14,0
S1,3.6,7.0,0.14,0
S1,11.2,2.0,0.14,0
S4,2.7,36.0,0.06,0
S3,0.2,8.0,0.09,0
S3,0.7,13.0,0.09,1
S2,0.2,6.0,0.04,0
S3,0.5,4.0,0.09,0
S4,2.1,7.0,0.06,0
S3,2.8,31.0,0.09,0
S1,6.6,12.0,0.14,0
S2,1.2,36.0,0.04,0
S3,7.1,4.0,0.09,0
S4,2.5,37.0,0.06,0
S3,0.7,22.0,0.09,0
S3,2.6,17.0,0.09,0
S4,0.9,38.0,0.06,0
S2,0.4,25.0,0.04,0
S1,1.9,33.0,0.14,0
S1,18.3,36.0,0.14,1
S1,1.2,6.0,0.14,0
S2,0.5,28.0,0.04,0
S2,2.4,28.0,0.04,0
S2,1.1,11.0,0.04,0
S1,1.3,14.0,0.14,0
S1,0.5,25.0,0.14,0
S3,3.2,17.0,0.09,0
S1,3.1,5.0,0.14,0
S4,7.7,17.0,0.06,0
S2,0.6,9.0,0.04,0
S1,1.3,4.0,0.14,0
S2,0.1,40.0,0.04,0
S4,1.3,36.0,0.06,0
S1,7.9,38.0,0.14,0
S2,2.4,38.0,0.04,0
S4,0.4,34.0,0.06,0
S1,2.8,15.0,0.14,0
S3,4.1,26.0,0.09,0
S1,3.3,28.0,0.14,0
S4,2.2,4.0,0.06,0
S3,0.6,39.0,0.09,0
S1,5.5,31.0,0.14,0
S1,18.5,26.0,0.14,0
S2,0.2,17.0,0.04,0
S3,1.0,25.0,0.09,0
S4,0.5,30.0,0.06,0
S1,4.4,26.0,0.14,0
S4,1.0,35.0,0.06,0
S4,3.4,35.0,0.06,0
S2,3.1,32.0,0.04,0
S1,1.2,14.0,0.14,0
S4,0.9,35.0,0.06,0
S4,0.5,19.0,0.06,0
S3,1.9,15.0,0.09,0
S2,2.3,30.0,0.04,0
S2,0.1,20.0,0.04,0
S4,1.3,29.0,0.06,0
S1,7.3,6.0,0.14,0
S1,2.7,19.0,0.14,0
S4,1.6,28.0,0.06,0
S3,0.7,21.0,0.09,0
S3,2.7,31.0,0.09,1
S4,2.1,13.0,0.06,0
S2,0.9,36.0,0.04,0
S4,0.5,5.0,0.06,0
S3,3.3,18.0,0.09,0
S2,0.7,17.0,0.04,0
S3,1.6,8.0,0.09,0
S2,0.9,12.0,0.04,0
S4,0.6,19.0,0.06,0
S3,4.4,28.0,0.09,0
S1,7.4,8.0,0.14,0
S1,24.5,26.0,0.14,0
S1,1.5,15.0,0.14,0
S3,2.6,32.0,0.09,0
S4,1.5,38.0,0.06,0
S3,0.8,20.0,0.09,0
S4,0.5,33.0,0.06,0
S1,3.2,16.0,0.14,0
S1,3.8,17.0,0.14,0
S1,18.4,40.0,0.14,1
S1,3.8,8.0,0.14,0
S3,0.8,15.0,0.09,0
S1,15.0,6.0,0.14,0
S1,1.9,23.0,0.14,0
S2,0.3,40.0,0.04,0
S4,1.3,29.0,0.06,0
S1,1.4,35.0,0.14,0
S1,2.7,32.0,0.14,0
S4,1.0,40.0,0.06,0
S3,5.5,17.0,0.09,0
S3,3.4,10.0,0.09,0
S2,0.1,28.0,0.04,0
S2,0.2,5.0,0.04,0
S2,0.9,4.0,0.04,0
S2,0.4,13.0,0.04,0
S4,2.0,2.0,0.06,0
S3,0.3,17.0,0.09,0
S4,0.0,18.0,0.06,0
S4,0.8,8.0,0.06,0
S4,3.0,31.0,0.06,0
S4,1.3,35.0,0.06,0
S3,2.8,14.0,0.09,0
S3,1.3,12.0,0.09,0
S1,9.2,10.0,0.14,0
S4,0.2,4.0,0.06,0
S2,1.7,26.0,0.04,0
S1,20.5,26.0,0.14,1
S3,1.8,13.0,0.09,0
S2,1.7,7.0,0.04,0
S2,0.5,27.0,0.04,0
S2,0.4,27.0,0.04,0
S4,0.0,14.0,0.06,0
S3,6.6,2.0,0.09,0
S2,0.1,4.0,0.04,0
S1,7.4,11.0,0.14,0
S2,0.3,19.0,0.04,0
S4,0.0,7.0,0.06,0
S3,2.6,38.0,0.09,0
S3,0.4,6.0,0.09,0
S3,2.6,11.0,0.09,0
S1,3.2,40.0,0.14,1
S2,1.1,16.0,0.04,0
S2,0.1,9.0,0.04,0
S4,3.2,40.0,0.06,0
S1,15.0,4.0,0.14,0
S1,6.8,16.0,0.14,0
S2,0.2,23.0,0.04,0
S2,0.0,30.0,0.04,0
S1,6.2,22.0,0.14,0
S4,1.1,17.0,0.06,0
S4,2.0,38.0,0.06,0
S2,1.9,33.0,0.04,1
S3,0.1,34.0,0.09,0
S4,4.8,25.0,0.06,0
S4,0.2,16.0,0.06,0
S4,0.4,31.0,0.06,0
S2,0.8,4.0,0.04,0
S4,1.9,33.0,0.06,0
S1,8.0,38.0,0.14,0
S4,0.1,7.0,0.06,0
S3,3.4,13.0,0.09,0
S4,0.9,23.0,0.06,0
S1,0.3,5.0,0.14,0
S1,16.5,18.0,0.14,1
S4,0.4,33.0,0.06,0
S2,0.1,21.0,0.04,0
S1,8.3,35.0,0.14,0
S4,2.7,17.0,0.06,1
S3,1.0,5.0,0.09,0
S2,1.1,8.0,0.04,0
S3,0.6,25.0,0.09,0
S4,0.4,6.0,0.06,0
S2,1.0,20.0,0.04,0
S2,1.1,7.0,0.04,0
S1,0.3,40.0,0.14,0
S3,2.8,31.0,0.09,0
S4,1.7,31.0,0.06,0
S1,4.0,26.0,0.14,0
S3,1.4,39.0,0.09,0
S4,1.1,39.0,0.06,0
S1,1.9,33.0,0.14,0
S1,11.1,27.0,0.14,1
S3,0.8,32.0,0.09,0
S1,13.5,23.0,0.14,0
S1,0.6,16.0,0.14,0
S2,0.1,24.0,0.04,0
S1,9.1,10.0,0.14,0
S2,0.9,3.0,0.04,0
S2,1.4,34.0,0.04,0
S1,3.7,20.0,0.14,0
S1,5.2,19.0,0.14,0
S3,11.8,7.0,0.09,0
S2,0.2,26.0,0.04,0
S2,2.5,11.0,0.04,0
S4,3.9,22.0,0.06,0
S4,2.2,36.0,0.06,0
S1,3.0,25.0,0.14,0
S1,10.7,15.0,0.14,1
S2,1.6,32.0,0.04,0
S3,7.6,15.0,0.09,0
S2,0.3,28.0,0.04,0
S2,0.2,21.0,0.04,0
S2,0.5,12.0,0.04,0
S3,6.4,16.0,0.09,0
S1,0.8,38.0,0.14,0
S2,0.7,15.0,0.04,0
S2,0.5,36.0,0.04,0
S4,0.6,7.0,0.06,0
S1,15.8,17.0,0.14,1
S1,2.8,9.0,0.14,0
S1,5.4,39.0,0.14,0
S4,0.9,38.0,0.06,0
S4,1.4,37.0,0.06,0
S4,0.2,31.0,0.06,0
S3,2.5,20.0,0.09,0
S1,4.3,14.0,0.14,0
S1,6.7,39.0,0.14,0
S3,0.6,22.0,0.09,0
S2,0.6,10.0,0.04,0
S3,6.8,40.0,0.09,0
S2,1.2,33.0,0.04,0
S1,21.0,28.0,0.14,1
S1,0.0,34.0,0.14,0
S4,2.6,37.0,0.06,0
S2,0.1,34.0,0.04,0
S4,0.6,39.0,0.06,0
S2,0.7,36.0,0.04,0
S3,1.1,4.0,0.09,0
S2,0.0,4.0,0.04,0
S1,0.4,29.0,0.14,0
S1,6.3,9.0,0.14,0
S2,2.4,6.0,0.04,0
S1,5.9,23.0,0.14,0
S4,0.3,22.0,0.06,0
S4,4.9,20.0,0.06,0
S3,4.2,37.0,0.09,0
S3,0.4,40.0,0.09,0
S1,1.6,35.0,0.14,0
S1,7.2,14.0,0.14,0
S2,0.0,21.0,0.04,0
S1,8.9,31.0,0.14,0
S2,0.0,2.0,0.04,0
S2,1.0,18.0,0.04,0
S4,0.3,3.0,0.06,0
S3,0.8,15.0,0.09,0
S2,0.5,5.0,0.04,0
S3,4.2,23.0,0.09,1
S2,0.0,5.0,0.04,0
S1,10.5,26.0,0.14,1
S2,0.0,23.0,0.04,0
S2,0.2,27.0,0.04,0
S2,2.2,8.0,0.04,0
S4,3.7,13.0,0.06,0
S3,5.6,21.0,0.09,0
S4,0.3,21.0,0.06,0
S4,0.2,15.0,0.06,0
S3,2.3,13.0,0.09,0
S3,1.7,25.0,0.09,0
S1,4.2,4.0,0.14,0
S1,5.6,35.0,0.14,1
S2,0.0,17.0,0.04,0
S3,1.8,12.0,0.09,0
S1,0.1,3.0,0.14,0
S4,0.2,31.0,0.06,0
S1,22.3,33.0,0.14,1
S1,8.9,40.0,0.14,0
S3,1.4,10.0,0.09,0
S1,11.8,9.0,0.14,0
S3,3.6,28.0,0.09,0
S1,17.7,37.0,0.14,1
S4,0.4,37.0,0.06,0
S3,0.6,30.0,0.09,0
S1,2.7,3.0,0.14,0
S2,0.2,20.0,0.04,0
S4,0.1,19.0,0.06,0
S1,8.3,22.0,0.14,0
S2,1.1,2.0,0.04,0
S3,0.7,32.0,0.09,0
S4,5.5,38.0,0.06,0
S2,0.9,24.0,0.04,0
S3,1.7,37.0,0.09,0
S2,1.3,33.0,0.04,0
S3,1.0,16.0,0.09,0
S3,1.6,31.0,0.09,0
S4,0.7,23.0,0.06,0
S2,0.1,24.0,0.04,0
S2,0.6,3.0,0.04,0
S3,3.7,17.0,0.09,0
S1,3.1,27.0,0.14,0
S3,4.1,31.0,0.09,0
S3,0.1,32.0,0.09,0
S4,0.7,18.0,0.06,0
S3,0.7,15.0,0.09,0
S3,0.8,12.0,0.09,0
S4,1.3,11.0,0.06,0
S2,0.3,37.0,0.04,0
S1,12.3,7.0,0.14,0
S4,0.1,38.0,0.06,0
S3,2.4,4.0,0.09,0
S3,2.1,10.0,0.09,0
S3,0.1,28.0,0.09,0
S1,2.5,33.0,0.14,0
S4,0.2,8.0,0.06,0
S4,1.7,10.0,0.06,0
S1,5.1,5.0,0.14,0
S1,2.3,25.0,0.14,0
S2,0.9,12.0,0.04,0
S3,2.6,29.0,0.09,0
S3,1.1,32.0,0.09,0
S3,0.9,6.0,0.09,1
S1,9.1,35.0,0.14,0
S2,0.5,24.0,0.04,0
S4,0.4,19.0,0.06,0
S4,0.6,30.0,0.06,0
S1,2.9,39.0,0.14,0
S1,6.1,25.0,0.14,1
S4,2.0,38.0,0.06,1
S2,0.7,37.0,0.04,0
S2,1.0,38.0,0.04,0
S1,0.6,23.0,0.14,0
S3,0.9,7.0,0.09,0
S1,6.3,22.0,0.14,0
S4,1.0,39.0,0.06,0
S1,0.5,13.0,0.14,0
S4,0.0,6.0,0.06,0
S3,2.4,32.0,0.09,0
S3,0.4,38.0,0.09,0
S2,0.1,8.0,0.04,0
S2,0.6,9.0,0.04,0
S3,0.5,40.0,0.09,0
S3,5.2,15.0,0.09,0
S1,9.9,16.0,0.14,0
S4,1.3,29.0,0.06,0
S3,0.2,14.0,0.09,0
S4,1.2,24.0,0.06,0
S3,3.2,37.0,0.09,0
S2,0.4,13.0,0.04,0
S4,4.2,16.0,0.06,0
S4,2.6,2.0,0.06,0
S3,2.3,9.0,0.09,0
S1,4.2,11.0,0.14,0
S4,1.2,20.0,0.06,0
S3,1.5,33.0,0.09,0
S2,0.6,4.0,0.04,0
S2,0.5,32.0,0.04,0
S3,0.7,23.0,0.09,0
S4,0.1,9.0,0.06,0
S2,0.9,31.0,0.04,0
S1,7.9,3.0,0.14,0
S1,4.4,10.0,0.14,0
S3,2.7,13.0,0.09,0
S2,1.0,11.0,0.04,0
S1,2.8,2.0,0.14,0
S4,0.4,33.0,0.06,0
S1,6.3,27.0,0.14,0
S3,2.5,33.0,0.09,0
S1,11.1,38.0,0.14,0
S2,1.6,19.0,0.04,0
S4,0.8,2.0,0.06,0
S4,0.4,3.0,0.06,0
S1,6.2,3.0,0.14,0
S2,0.1,27.0,0.04,0
S4,2.4,15.0,0.06,0
S1,3.2,28.0,0.14,0
S3,3.7,27.0,0.09,0
S4,1.2,31.0,0.06,0
S1,12.2,12.0,0.14,0
S3,2.5,14.0,0.09,0
S4,2.2,3.0,0.06,0
S2,0.8,23.0,0.04,0
S3,7.2,39.0,0.09,0
S1,4.1,31.0,0.14,0
S4,2.4,5.0,0.06,0
S1,6.5,17.0,0.14,0
S2,0.1,15.0,0.04,0
S3,7.0,37.0,0.09,0
S2,3.5,23.0,0.04,0
S1,1.3,35.0,0.14,0
S4,1.5,10.0,0.06,0
S1,3.7,13.0,0.14,1
S1,5.3,20.0,0.14,0
S4,0.1,13.0,0.06,0
S1,5.9,23.0,0.14,0
S2,0.3,21.0,0.04,0
S4,0.1,26.0,0.06,0
S2,0.1,38.0,0.04,0
S1,1.1,23.0,0.14,0
S3,0.2,36.0,0.09,0
S4,0.3,33.0,0.06,0
S4,0.4,37.0,0.06,0
S2,1.2,4.0,0.04,0
S1,6.8,4.0,0.14,0
S1,1.2,18.0,0.14,0
S1,3.9,35.0,0.14,0
S4,1.2,5.0,0.06,0
S2,0.0,15.0,0.04,0
S4,0.0,32.0,0.06,0
S4,1.0,12.0,0.06,0
S4,0.1,36.0,0.06,0
S2,0.3,19.0,0.04,0
S2,0.3,12.0,0.04,0
S1,1.0,2.0,0.14,0
S2,0.7,24.0,0.04,0
S3,7.4,39.0,0.09,0
S3,0.9,36.0,0.09,0
S4,3.4,38.0,0.06,0
S3,1.4,34.0,0.09,0
S4,0.5,23.0,0.06,0
S2,0.2,40.0,0.04,0
S3,1.2,16.0,0.09,0
S4,0.2,9.0,0.06,0
S4,1.1,13.0,0.06,0
S4,0.0,33.0,0.06,0
S3,2.5,31.0,0.09,0
S1,6.5,32.0,0.14,0
S4,1.1,2.0,0.06,0
S3,18.3,22.0,0.09,0
S4,0.6,6.0,0.06,0
S2,1.8,8.0,0.04,0
S4,1.0,22.0,0.06,0
S1,8.6,34.0,0.14,1
S1,9.9,14.0,0.14,0
S1,5.7,27.0,0.14,0
S4,2.4,18.0,0.06,0
S1,0.9,17.0,0.14,0
S1,11.0,28.0,0.14,1
S4,1.6,26.0,0.06,0
S2,0.3,36.0,0.04,0
S2,2.4,20.0,0.04,0
S3,1.3,32.0,0.09,0
S4,1.1,5.0,0.06,0
S2,2.2,38.0,0.04,0
S1,2.5,35.0,0.14,0
S1,4.0,26.0,0.14,0
S4,1.0,24.0,0.06,0
S4,3.4,10.0,0.06,0
S4,0.2,13.0,0.06,0
S3,6.2,23.0,0.09,0
S2,0.8,34.0,0.04,0
S1,7.9,21.0,0.14,1
S2,1.4,39.0,0.04,0
S4,1.0,25.0,0.06,0
S4,0.3,16.0,0.06,0
S2,0.4,28.0,0.04,0
S4,2.1,31.0,0.06,0
S3,4.3,17.0,0.09,0
S2,0.7,31.0,0.04,0
S2,0.3,12.0,0.04,0
S2,0.6,18.0,0.04,0
S3,1.3,13.0,0.09,0
S2,0.0,19.0,0.04,0
S1,10.0,12.0,0.14,0
S3,2.9,34.0,0.09,0
S1,0.5,19.0,0.14,0
S3,1.2,32.0,0.09,0
S3,5.8,13.0,0.09,0
S3,1.7,6.0,0.09,0
S2,0.2,21.0,0.04,0
S1,9.0,4.0,0.14,0
S1,1.9,7.0,0.14,0
S1,13.3,28.0,0.14,1
S3,1.6,2.0,0.09,0
S4,6.4,25.0,0.06,0
S3,1.9,29.0,0.09,0
S1,0.1,40.0,0.14,0
S1,0.2,30.0,0.14,0
S4,0.3,2.0,0.06,0
S2,1.3,27.0,0.04,0
S3,3.9,18.0,0.09,0
S4,0.2,38.0,0.06,0
S1,5.3,26.0,0.14,0
S4,5.2,12.0,0.06,0
S1,6.3,15.0,0.14,1
S1,4.7,15.0,0.14,0
S4,1.1,40.0,0.06,0
S1,36.5,27.0,0.14,1
S2,0.7,22.0,0.04,0
S1,2.0,26.0,0.14,0
S3,3.6,38.0,0.09,0
S4,2.6,32.0,0.06,0
S4,0.2,23.0,0.06,0
S2,2.3,14.0,0.04,0
S2,1.0,5.0,0.04,0
S4,0.7,30.0,0.06,0
S3,0.4,25.0,0.09,0
S2,0.5,23.0,0.04,0
S4,2.4,24.0,0.06,0
S3,10.4,34.0,0.09,0
S4,0.9,37.0,0.06,0
S3,0.8,10.0,0.09,0
S1,29.8,25.0,0.14,1
S3,0.5,4.0,0.09,0
S3,0.8,6.0,0.09,0
S2,0.2,23.0,0.04,0
S2,0.0,3.0,0.04,0
S3,10.5,9.0,0.09,0
S3,1.2,12.0,0.09,0
S4,0.2,12.0,0.06,0
S1,1.6,12.0,0.14,1
S1,0.7,20.0,0.14,0
S3,0.9,22.0,0.09,0
S3,2.7,21.0,0.09,0
S2,1.4,9.0,0.04,0
S3,4.9,9.0,0.09,0
S1,1.5,35.0,0.14,0
S3,2.2,26.0,0.09,0
S3,2.3,38.0,0.09,0
S2,1.0,20.0,0.04,0
S4,0.6,2.0,0.06,0
S4,2.3,25.0,0.06,0
S3,1.7,38.0,0.09,0
S2,0.2,15.0,0.04,0
S4,1.7,26.0,0.06,0
S2,0.2,28.0,0.04,0
S2,0.0,16.0,0.04,0
S3,2.6,17.0,0.09,0
S2,0.7,36.0,0.04,0
S1,9.2,35.0,0.14,1
S2,2.2,7.0,0.04,0
S4,5.3,2.0,0.06,0
S1,0.4,12.0,0.14,0
S4,2.9,34.0,0.06,0
S1,2.1,32.0,0.14,0
S2,1.2,35.0,0.04,0
S3,0.5,16.0,0.09,0
S1,0.7,20.0,0.14,0
S4,0.9,26.0,0.06,0
S2,0.1,38.0,0.04,0
S3,0.4,19.0,0.09,0
S1,1.3,32.0,0.14,0
S1,0.9,14.0,0.14,0
S4,1.8,19.0,0.06,0
S3,0.7,29.0,0.09,0
S1,0.3,30.0,0.14,0
S1,0.7,32.0,0.14,0
S1,7.0,5.0,0.14,0
S3,7.8,23.0,0.09,0
S1,7.3,17.0,0.14,0
S4,0.2,30.0,0.06,0
S1,6.8,17.0,0.14,0
S3,2.0,2.0,0.09,0
S2,0.8,3.0,0.04,0
S1,2.1,8.0,0.14,0
S2,0.2,29.0,0.04,0
S3,2.7,6.0,0.09,0
S2,0.4,39.0,0.04,0
S1,1.1,15.0,0.14,0
S1,7.2,33.0,0.14,0
S4,4.9,18.0,0.06,1
S1,2.9,37.0,0.14,0
S3,3.6,2.0,0.09,0
S1,8.4,26.0,0.14,0
S2,1.1,17.0,0.04,0
S4,0.5,10.0,0.06,0
S4,3.3,22.0,0.06,0
S2,0.2,9.0,0.04,0
S1,3.5,38.0,0.14,0
S2,1.0,24.0,0.04,0
S2,1.2,2.0,0.04,0
S4,0.8,11.0,0.06,0
S3,1.8,8.0,0.09,0
S2,0.3,2.0,0.04,0
S1,1.4,4.0,0.14,1
S4,0.7,18.0,0.06,0
S4,1.4,37.0,0.06,0
S3,1.9,38.0,0.09,0
S2,0.1,38.0,0.04,1
S1,1.4,3.0,0.14,0
S1,2.2,29.0,0.14,0
S3,2.4,6.0,0.09,0
S4,0.1,18.0,0.06,0
S3,0.8,33.0,0.09,0
S4,0.1,7.0,0.06,0
S3,2.4,20.0,0.09,0
S2,1.6,4.0,0.04,0
S3,0.0,19.0,0.09,0
S3,4.4,34.0,0.09,0
S4,2.0,39.0,0.06,0
S4,1.5,32.0,0.06,0
S4,6.0,18.0,0.06,0
S2,1.7,15.0,0.04,0
S3,5.2,14.0,0.09,0
S2,0.3,19.0,0.04,0
S2,0.5,29.0,0.04,0
S1,10.0,29.0,0.14,0
S2,0.7,10.0,0.04,0
S4,2.0,21.0,0.06,0
S3,0.9,17.0,0.09,0
S2,0.2,35.0,0.04,0
S3,2.2,21.0,0.09,0
S3,2.6,11.0,0.09,0
S2,2.0,33.0,0.04,0
S1,0.1,32.0,0.14,0
S2,0.8,24.0,0.04,0
S3,5.2,19.0,0.09,0
S2,1.2,23.0,0.04,0
S2,1.3,20.0,0.04,0
S3,1.2,21.0,0.09,0
S2,0.5,31.0,0.04,0
S4,2.5,12.0,0.06,0
S3,3.1,22.0,0.09,0
S3,3.9,18.0,0.09,0
S2,0.3,14.0,0.04,0
S1,8.1,6.0,0.14,0
S4,0.4,14.0,0.06,0
S4,1.2,8.0,0.06,0
S2,0.5,24.0,0.04,0
S2,0.4,29.0,0.04,0
S4,2.1,39.0,0.06,0
S4,0.3,18.0,0.06,0
S3,1.8,25.0,0.09,0
S1,19.0,24.0,0.14,0
S1,12.1,29.0,0.14,1
S2,0.7,7.0,0.04,0
S4,1.7,32.0,0.06,0
S4,0.2,21.0,0.06,0
S2,0.0,24.0,0.04,0
S3,3.1,5.0,0.09,0
S3,1.0,20.0,0.09,0
S2,0.5,9.0,0.04,0
S2,0.3,26.0,0.04,0
S2,0.2,8.0,0.04,0
S4,0.1,39.0,0.06,0
S4,1.8,6.0,0.06,0
S1,2.7,36.0,0.14,0
S1,7.4,39.0,0.14,0
S1,3.7,37.0,0.14,0
S2,0.6,8.0,0.04,0
S3,4.6,25.0,0.09,1
S4,1.6,24.0,0.06,0
S3,8.3,21.0,0.09,0
S4,4.1,23.0,0.06,0
S4,0.5,10.0,0.06,0
S1,10.2,34.0,0.14,0
S2,1.3,16.0,0.04,0
S2,1.7,16.0,0.04,0
S1,3.7,37.0,0.14,0
S1,3.2,13.0,0.14,0
S1,15.9,32.0,0.14,1
S2,0.8,29.0,0.04,0
S1,7.7,23.0,0.14,0
S1,5.6,35.0,0.14,0
S1,3.0,15.0,0.14,0
S1,1.2,9.0,0.14,0
S2,0.3,38.0,0.04,0
S1,8.9,25.0,0.14,0
S4,1.0,29.0,0.06,0
S3,8.5,28.0,0.09,1
S1,4.0,18.0,0.14,0
S1,9.7,34.0,0.14,1
S1,5.4,36.0,0.14,0
S2,2.7,17.0,0.04,0
S1,11.7,40.0,0.14,0
S4,0.0,28.0,0.06,0
S3,3.4,20.0,0.09,0
S3,4.9,9.0,0.09,0
S2,3.1,12.0,0.04,0
S1,4.4,25.0,0.14,0
S4,1.0,8.0,0.06,0
S3,4.3,11.0,0.09,0
S3,8.2,15.0,0.09,0
S2,0.7,16.0,0.04,0
S4,1.0,26.0,0.06,0
S4,0.6,34.0,0.06,0
S1,0.7,30.0,0.14,0
S2,1.1,31.0,0.04,0
S2,1.6,26.0,0.04,0
S4,2.0,31.0,0.06,0
S4,0.4,20.0,0.06,0
S3,1.4,36.0,0.09,0
S3,1.6,7.0,0.09,0
S2,1.2,17.0,0.04,0
S4,1.2,28.0,0.06,0
S2,3.5,35.0,0.04,0
S3,1.0,22.0,0.09,0
S3,7.3,14.0,0.09,0
S1,1.8,29.0,0.14,0
S1,2.4,13.0,0.14,0
S1,5.5,28.0,0.14,0
S2,0.2,2.0,0.04,0
S2,1.1,19.0,0.04,0
S4,1.3,25.0,0.06,0
S1,9.2,34.0,0.14,0
S2,0.1,39.0,0.04,0
S4,0.0,36.0,0.06,0
S1,2.5,27.0,0.14,0
S1,10.5,39.0,0.14,0
S2,0.8,17.0,0.04,0
S3,3.1,7.0,0.09,0
S4,0.6,4.0,0.06,0
S2,0.5,4.0,0.04,0
S4,0.3,19.0,0.06,0
S1,1.6,20.0,0.14,0
S2,0.2,18.0,0.04,0
S3,0.3,25.0,0.09,0
S4,0.3,18.0,0.06,0
S3,0.1,10.0,0.09,0
S2,1.3,3.0,0.04,0
S2,1.6,23.0,0.04,0
S4,1.0,3.0,0.06,0
S2,0.9,27.0,0.04,0
S3,0.2,28.0,0.09,0
S1,4.6,28.0,0.14,0
S3,0.3,12.0,0.09,0
S1,0.7,35.0,0.14,0
S2,0.7,40.0,0.04,0
S3,2.1,35.0,0.09,0
S1,2.0,18.0,0.14,0
S2,0.5,39.0,0.04,0
S2,0.9,28.0,0.04,0
S2,4.6,17.0,0.04,0
S3,3.0,21.0,0.09,0
S2,0.2,38.0,0.04,0
S2,0.1,2.0,0.04,0
S2,1.8,7.0,0.04,0
S3,1.7,33.0,0.09,0
S3,2.4,28.0,0.09,0
S3,1.4,19.0,0.09,0
S1,4.8,31.0,0.14,1
S3,0.0,19.0,0.09,0
S4,1.1,13.0,0.06,0
S1,2.0,2.0,0.14,0
S3,0.2,8.0,0.09,0
S3,0.1,34.0,0.09,0
S4,1.1,29.0,0.06,0
S2,0.5,29.0,0.04,0
S1,0.8,10.0,0.14,0
S1,9.4,11.0,0.14,0
S1,6.7,3.0,0.14,0
S2,1.1,7.0,0.04,0
S4,2.2,26.0,0.06,0
S4,1.2,13.0,0.06,0
S4,1.3,20.0,0.06,0
S2,1.9,19.0,0.04,0
S2,0.1,13.0,0.04,0
S4,2.5,39.0,0.06,0
S3,0.9,40.0,0.09,0
S1,1.3,4.0,0.14,0
S2,2.0,2.0,0.04,1
S3,0.5,7.0,0.09,0
S3,2.5,6.0,0.09,0
S2,0.4,5.0,0.04,0
S2,1.0,13.0,0.04,0
S4,1.1,26.0,0.06,0
S4,0.1,8.0,0.06,0
S1,2.0,18.0,0.14,0
S3,0.2,26.0,0.09,0
S4,0.4,33.0,0.06,0
S2,0.4,11.0,0.04,0
S2,1.5,34.0,0.04,0
S1,14.1,31.0,0.14,1
S3,2.0,18.0,0.09,0
S1,12.6,37.0,0.14,0
S4,1.9,28.0,0.06,0
S4,0.2,16.0,0.06,0
S3,4.1,7.0,0.09,0
S1,9.9,9.0,0.14,0
S4,0.7,19.0,0.06,0
S4,1.5,37.0,0.06,0
S3,3.2,11.0,0.09,0
S3,0.7,22.0,0.09,0
S3,4.0,4.0,0.09,0
S2,1.6,21.0,0.04,0
S3,7.8,19.0,0.09,0
S2,0.7,18.0,0.04,1
S2,1.1,5.0,0.04,0
S4,0.6,10.0,0.06,0
S4,1.8,14.0,0.06,0
S2,1.9,4.0,0.04,0
S3,2.9,18.0,0.09,0
S3,4.1,8.0,0.09,0
S4,1.7,39.0,0.06,0
S3,1.2,32.0,0.09,0
S1,4.7,23.0,0.14,0
S1,5.8,33.0,0.14,0
S4,0.7,15.0,0.06,0
S2,0.3,25.0,0.04,0
S3,1.0,24.0,0.09,0
S3,2.3,18.0,0.09,0
S4,3.1,21.0,0.06,0
S3,2.3,16.0,0.09,0
S2,0.7,19.0,0.04,0
S2,1.5,35.0,0.04,0
S4,7.4,2.0,0.06,0
S2,2.1,36.0,0.04,0
S2,2.7,35.0,0.04,0
S3,1.0,27.0,0.09,0
S1,1.3,13.0,0.14,0
S4,0.7,13.0,0.06,0
S4,1.2,9.0,0.06,0
S3,1.3,14.0,0.09,0
S1,0.1,32.0,0.14,0
S2,0.4,5.0,0.04,0
S3,0.7,16.0,0.09,0
S3,2.5,31.0,0.09,1
S2,2.7,34.0,0.04,0
S2,0.1,36.0,0.04,0
S4,0.5,39.0,0.06,0
S3,0.0,19.0,0.09,0
S2,0.1,10.0,0.04,0
S1,29.0,5.0,0.14,0
S2,0.1,24.0,0.04,0
S1,21.6,25.0,0.14,1
S4,1.3,5.0,0.06,0
S3,2.0,7.0,0.09,0
S4,1.5,23.0,0.06,0
S4,0.7,18.0,0.06,0
S3,5.5,20.0,0.09,0
S1,2.8,20.0,0.14,0
S3,4.7,33.0,0.09,0
S3,13.6,23.0,0.09,0
S1,4.8,12.0,0.14,0
S3,1.4,35.0,0.09,0
S4,1.3,2.0,0.06,0
S1,0.8,25.0,0.14,0
S1,10.9,26.0,0.14,0
S2,0.7,17.0,0.04,0
S2,1.1,15.0,0.04,0
S2,0.1,31.0,0.04,0
S1,4.5,32.0,0.14,0
S3,3.3,19.0,0.09,0
S1,17.8,18.0,0.14,0
S1,3.0,14.0,0.14,0
S3,1.1,37.0,0.09,0
S3,8.2,35.0,0.09,0
S4,1.1,34.0,0.06,0
S4,2.1,12.0,0.06,0
S3,9.0,10.0,0.09,0
S3,3.6,2.0,0.09,0
S4,0.1,2.0,0.06,0
S2,0.0,25.0,0.04,0
S1,6.0,35.0,0.14,0
S3,9.5,17.0,0.09,0
S3,1.5,16.0,0.09,0
S1,4.6,15.0,0.14,0
S4,0.8,7.0,0.06,0
S4,0.6,17.0,0.06,0
S3,2.3,19.0,0.09,0
S2,2.8,37.0,0.04,0
S4,4.5,20.0,0.06,0
S4,0.4,25.0,0.06,0
S1,2.2,8.0,0.14,0
S4,1.8,11.0,0.06,0
S2,0.7,22.0,0.04,0
S2,0.0,17.0,0.04,0
S4,2.8,25.0,0.06,0
S1,0.3,9.0,0.14,0
S1,1.5,13.0,0.14,0
S4,0.8,25.0,0.06,0
S3,2.7,14.0,0.09,0
S2,0.3,20.0,0.04,0
S2,1.1,16.0,0.04,0
S3,2.6,10.0,0.09,0
S4,0.1,15.0,0.06,0
S2,0.3,9.0,0.04,0
S3,1.6,2.0,0.09,0
S2,0.4,10.0,0.04,0
S2,2.0,24.0,0.04,0
S3,1.8,11.0,0.09,0
S4,3.1,31.0,0.06,0
S3,2.5,18.0,0.09,0
S4,0.1,23.0,0.06,0
S2,1.3,17.0,0.04,0
S3,0.1,22.0,0.09,0
S1,1.2,13.0,0.14,0
S3,5.0,26.0,0.09,0
S2,0.2,17.0,0.04,0
S4,0.3,9.0,0.06,0
S1,12.2,7.0,0.14,0
S4,1.4,11.0,0.06,0
S3,2.4,6.0,0.09,0
S2,0.5,2.0,0.04,0
S2,0.3,22.0,0.04,0
S1,17.8,5.0,0.14,0
S1,5.6,40.0,0.14,0
S2,0.7,3.0,0.04,0
S4,2.0,37.0,0.06,0
S1,1.0,30.0,0.14,0
S3,2.0,30.0,0.09,0
S3,6.0,19.0,0.09,0
S2,0.6,7.0,0.04,0
S2,0.2,37.0,0.04,0
S1,7.4,10.0,0.14,0
S1,12.7,38.0,0.14,1
S3,8.2,40.0,0.09,1
S4,1.0,7.0,0.06,0
S1,13.6,32.0,0.14,1
S2,0.2,40.0,0.04,0
S1,2.8,21.0,0.14,0
S4,2.3,17.0,0.06,0
S4,0.4,19.0,0.06,0
S2,1.2,39.0,0.04,0
S4,3.2,24.0,0.06,0
S3,3.4,21.0,0.09,1
S4,0.4,10.0,0.06,0
S2,0.2,4.0,0.04,0
S1,1.2,37.0,0.14,0
S3,4.7,11.0,0.09,0
S3,0.9,4.0,0.09,0
S3,3.5,14.0,0.09,0
S1,20.0,22.0,0.14,0
S3,7.8,20.0,0.09,0
S3,3.5,9.0,0.09,0
S4,0.5,17.0,0.06,0
S1,10.8,15.0,0.14,1
S2,0.1,38.0,0.04,0
S3,0.1,5.0,0.09,0
S4,2.3,24.0,0.06,0
S4,0.8,38.0,0.06,0
S3,0.3,17.0,0.09,1
S4,0.2,34.0,0.06,0
S3,0.2,31.0,0.09,0
S1,9.6,7.0,0.14,0
S4,2.0,29.0,0.06,0
S2,0.1,23.0,0.04,0
S2,0.6,34.0,0.04,0
S1,2.8,39.0,0.14,0
S3,1.5,16.0,0.09,0
S1,5.7,20.0,0.14,0
S1,6.9,14.0,0.14,0
S4,1.8,5.0,0.06,0
S1,0.7,8.0,0.14,0
S3,1.3,6.0,0.09,0
S2,0.6,4.0,0.04,0
S3,1.4,15.0,0.09,0
S3,0.3,25.0,0.09,0
S1,5.2,8.0,0.14,0
S4,4.7,25.0,0.06,0
S4,3.3,40.0,0.06,0
S4,0.8,3.0,0.06,0
S4,1.2,39.0,0.06,0
S2,1.7,30.0,0.04,0
S2,0.3,25.0,0.04,0
S2,0.7,3.0,0.04,0
S1,0.7,20.0,0.14,0
S3,1.1,22.0,0.09,0
S3,0.6,16.0,0.09,0
S3,3.6,18.0,0.09,1
S2,0.4,9.0,0.04,0
S4,2.5,32.0,0.06,0
S3,1.1,16.0,0.09,0
S4,0.6,6.0,0.06,0
S1,6.1,20.0,0.14,0
S2,2.5,18.0,0.04,0
S4,1.4,33.0,0.06,0
S1,4.4,12.0,0.14,0
S2,0.4,28.0,0.04,0
S4,0.5,21.0,0.06,0
S2,1.0,10.0,0.04,0
S2,0.1,22.0,0.04,0
S3,0.9,40.0,0.09,0
S3,0.1,24.0,0.09,0
S1,1.3,15.0,0.14,0
S1,0.1,36.0,0.14,0
S3,0.8,39.0,0.09,0
S1,12.2,20.0,0.14,0
S2,1.0,15.0,0.04,0
S2,0.4,13.0,0.04,0
S3,2.2,25.0,0.09,0
S3,5.9,4.0,0.09,0
S3,1.4,26.0,0.09,0
S4,0.3,20.0,0.06,0
S2,0.2,33.0,0.04,0
S2,2.3,35.0,0.04,0
S1,0.9,34.0,0.14,0
S2,0.4,5.0,0.04,0
S1,0.9,9.0,0.14,1
S4,0.0,10.0,0.06,0
S3,4.2,35.0,0.09,0
S2,0.7,28.0,0.04,0
S1,1.7,27.0,0.14,0
S1,16.4,2.0,0.14,0
S2,0.8,20.0,0.04,0
S4,0.5,28.0,0.06,0
S4,0.0,25.0,0.06,0
S3,0.6,23.0,0.09,0
S2,0.7,3.0,0.04,0
S1,20.8,16.0,0.14,0
S2,1.0,4.0,0.04,0
S3,1.8,6.0,0.09,0
S4,0.4,18.0,0.06,0
S1,4.6,21.0,0.14,0
S1,2.9,12.0,0.14,0
S2,0.8,17.0,0.04,0
S2,0.5,17.0,0.04,0
S3,1.8,25.0,0.09,0
S3,4.7,34.0,0.09,1
S4,0.9,7.0,0.06,0
S2,0.1,32.0,0.04,0
S3,3.2,24.0,0.09,0
S3,4.5,8.0,0.09,0
S1,7.4,13.0,0.14,0
S1,19.9,15.0,0.14,0
S2,1.6,6.0,0.04,0
S1,2.8,25.0,0.14,0
S4,0.4,29.0,0.06,0
S1,28.4,35.0,0.14,1
S2,0.0,25.0,0.04,0
S1,1.3,21.0,0.14,0
S4,0.7,26.0,0.06,0
S2,0.0,9.0,0.04,0
S2,0.3,3.0,0.04,0
S2,1.9,9.0,0.04,0
S4,2.9,23.0,0.06,0
S3,2.3,3.0,0.09,0
S2,0.0,3.0,0.04,0
S3,2.2,30.0,0.09,0
S1,1.8,24.0,0.14,0
S4,2.0,9.0,0.06,0
S1,6.1,35.0,0.14,0
S1,1.5,22.0,0.14,0
S2,1.5,26.0,0.04,0
S2,1.3,31.0,0.04,0
S1,15.0,13.0,0.14,0
S4,2.7,36.0,0.06,1
S4,0.9,37.0,0.06,0
S3,2.2,32.0,0.09,0
S2,1.0,12.0,0.04,0
S2,0.3,39.0,0.04,0
S2,1.1,40.0,0.04,0
S2,0.2,34.0,0.04,0
S3,2.9,34.0,0.09,1
S4,4.2,14.0,0.06,0
S4,1.0,2.0,0.06,1
S2,2.6,9.0,0.04,0
S2,0.3,10.0,0.04,0
S4,0.2,14.0,0.06,0
S2,0.2,29.0,0.04,0
S3,5.6,24.0,0.09,0
S1,5.2,11.0,0.14,0
S4,1.0,21.0,0.06,0
S4,0.2,33.0,0.06,0
S2,0.8,39.0,0.04,0
S3,7.0,20.0,0.09,0
S1,8.5,20.0,0.14,0
S1,4.4,19.0,0.14,0
S4,2.6,39.0,0.06,0
S4,4.2,35.0,0.06,0
S1,11.6,37.0,0.14,1
S4,0.3,18.0,0.06,0
S3,1.6,14.0,0.09,0
S2,1.2,9.0,0.04,0
S2,0.6,33.0,0.04,0
S3,1.8,34.0,0.09,0
S1,1.9,37.0,0.14,0
S1,4.2,26.0,0.14,0
S2,0.2,40.0,0.04,0
S2,0.4,23.0,0.04,0
S3,3.4,7.0,0.09,0
S4,0.1,34.0,0.06,0
S3,2.9,36.0,0.09,0
S1,3.2,8.0,0.14,0
S2,0.5,38.0,0.04,0
S4,0.5,32.0,0.06,0
S2,0.6,31.0,0.04,0
S3,1.2,25.0,0.09,0
S1,7.4,40.0,0.14,0
S4,0.7,9.0,0.06,0
S3,0.0,27.0,0.09,0
S1,7.7,29.0,0.14,0
S4,0.6,6.0,0.06,0
S4,0.9,12.0,0.06,0
S4,0.0,17.0,0.06,0
S1,11.7,3.0,0.14,0
S4,4.4,4.0,0.06,0
S3,2.0,40.0,0.09,0
S3,1.7,36.0,0.09,0
S3,4.9,35.0,0.09,0
S2,0.1,38.0,0.04,0
S4,0.2,33.0,0.06,0
S4,1.2,40.0,0.06,0
S4,0.4,33.0,0.06,0
S2,0.4,28.0,0.04,0
S1,2.2,18.0,0.14,0
S1,9.3,40.0,0.14,1
S2,0.3,18.0,0.04,0
S1,8.7,14.0,0.14,1
S3,3.5,8.0,0.09,0
S4,0.9,16.0,0.06,0
S1,6.4,37.0,0.14,0
S4,0.7,18.0,0.06,0
S3,1.4,26.0,0.09,0
S1,5.0,35.0,0.14,0
S4,6.1,12.0,0.06,0
S4,3.6,21.0,0.06,0
S3,2.2,5.0,0.09,0
S4,2.2,26.0,0.06,0
S3,3.9,3.0,0.09,0
S2,0.7,33.0,0.04,0
S1,0.8,6.0,0.14,0
S1,3.4,15.0,0.14,0
S3,0.4,6.0,0.09,0
S1,12.2,17.0,0.14,0
S1,0.9,12.0,0.14,0
S4,0.1,12.0,0.06,0
S4,0.0,20.0,0.06,0
S2,0.3,8.0,0.04,0
S4,2.6,17.0,0.06,0
S1,12.3,40.0,0.14,1
S2,0.1,38.0,0.04,0
S4,2.8,31.0,0.06,0
S4,0.6,14.0,0.06,0
S1,8.5,31.0,0.14,0
S2,0.4,16.0,0.04,0
S4,1.3,36.0,0.06,0
S4,0.9,7.0,0.06,0
S1,0.9,14.0,0.14,0
S1,2.8,30.0,0.14,0
S2,0.7,37.0,0.04,0
S1,3.2,18.0,0.14,0
S1,12.0,5.0,0.14,0
S2,0.2,23.0,0.04,0
S2,0.9,9.0,0.04,0
S3,5.8,30.0,0.09,0
S3,6.2,13.0,0.09,0
S1,0.4,16.0,0.14,0
S1,16.9,13.0,0.14,1
S3,0.6,34.0,0.09,0
S1,4.5,2.0,0.14,1
S3,2.5,22.0,0.09,0
S2,0.6,15.0,0.04,0
S3,4.8,22.0,0.09,1
S4,2.4,25.0,0.06,0
S1,10.5,10.0,0.14,0
S2,0.0,31.0,0.04,0
S4,0.1,35.0,0.06,0
S3,0.7,36.0,0.09,0
S2,3.2,17.0,0.04,0
S3,1.4,20.0,0.09,0
S3,2.4,21.0,0.09,0
S2,0.1,8.0,0.04,0
S1,3.4,28.0,0.14,0
S1,15.9,34.0,0.14,0
S4,1.1,5.0,0.06,0
S2,1.7,2.0,0.04,0
S3,0.9,24.0,0.09,0
S2,0.9,26.0,0.04,0
S3,3.1,35.0,0.09,0
S1,0.0,22.0,0.14,0
S3,2.8,19.0,0.09,0
S4,4.4,14.0,0.06,0
S2,0.3,20.0,0.04,0
S3,0.3,11.0,0.09,0
S2,1.6,10.0,0.04,0
S2,1.5,39.0,0.04,0
S2,0.1,29.0,0.04,0
S3,0.2,30.0,0.09,0
S2,0.4,11.0,0.04,0
S3,3.0,36.0,0.09,1
S4,2.6,2.0,0.06,0
S4,0.5,2.0,0.06,0
S4,0.5,29.0,0.06,0
S1,7.7,28.0,0.14,0
S1,7.8,2.0,0.14,0
S1,9.3,32.0,0.14,0
S3,3.0,15.0,0.09,0
S2,1.6,6.0,0.04,0
S3,0.5,15.0,0.09,0
S2,0.1,7.0,0.04,0
S3,3.1,22.0,0.09,0
S2,0.7,32.0,0.04,0
S4,1.2,20.0,0.06,0
S4,0.0,36.0,0.06,0
S3,0.5,7.0,0.09,0
S4,1.0,18.0,0.06,0
S3,5.1,39.0,0.09,0
S2,0.4,38.0,0.04,0
S3,1.1,31.0,0.09,0
S2,0.2,24.0,0.04,0
S2,0.3,25.0,0.04,0
S3,8.0,3.0,0.09,0
S4,0.0,14.0,0.06,0
S3,0.8,36.0,0.09,0
S1,4.3,2.0,0.14,0
S1,0.5,22.0,0.14,0
S3,2.2,11.0,0.09,0
S2,0.7,23.0,0.04,0
S4,0.1,7.0,0.06,0
S4,0.4,39.0,0.06,0
S1,0.6,35.0,0.14,0
S2,0.5,38.0,0.04,0
S3,3.1,30.0,0.09,0
S4,1.0,2.0,0.06,0
S3,2.1,34.0,0.09,0
S1,1.5,27.0,0.14,0
S3,0.1,17.0,0.09,0
S3,0.4,29.0,0.09,0
S3,0.3,13.0,0.09,0
S2,1.4,24.0,0.04,0
S4,3.6,15.0,0.06,0
S2,0.9,23.0,0.04,0
S3,0.1,31.0,0.09,0
S1,10.5,23.0,0.14,0
S3,1.9,18.0,0.09,0
S2,1.3,17.0,0.04,0
S4,0.5,6.0,0.06,0
S4,0.4,11.0,0.06,0
S1,12.4,29.0,0.14,1
S1,5.2,31.0,0.14,0
S3,0.7,22.0,0.09,0
S2,1.4,35.0,0.04,0
S4,1.7,10.0,0.06,0
S1,4.5,35.0,0.14,1
S3,1.1,15.0,0.09,0
S1,1.5,7.0,0.14,0
S3,0.7,27.0,0.09,0
S2,1.0,28.0,0.04,0
S2,2.4,6.0,0.04,0
S3,1.4,10.0,0.09,0
S1,1.6,11.0,0.14,0
S1,1.0,31.0,0.14,0
S2,0.6,19.0,0.04,0
S3,0.0,10.0,0.09,0
S3,0.9,15.0,0.09,0
S3,3.9,30.0,0.09,0
S3,5.1,23.0,0.09,1
S2,0.7,21.0,0.04,0
S3,6.2,8.0,0.09,0
S4,0.3,9.0,0.06,0
S3,0.1,39.0,0.09,0
S1,2.6,13.0,0.14,0
S4,0.0,7.0,0.06,0
S2,0.1,17.0,0.04,0
S1,9.9,28.0,0.14,0
S1,4.9,24.0,0.14,0
S3,0.5,14.0,0.09,0
S1,1.1,2.0,0.14,0
S2,0.8,17.0,0.04,0
S2,0.1,27.0,0.04,0
S2,0.1,14.0,0.04,0
S4,1.0,32.0,0.06,0
S3,3.5,8.0,0.09,0
S3,1.4,8.0,0.09,0
S4,1.6,5.0,0.06,0
S3,4.9,39.0,0.09,0
S1,10.4,20.0,0.14,0
S4,1.7,8.0,0.06,0
S3,1.1,24.0,0.09,0
S2,0.2,27.0,0.04,0
S3,3.9,21.0,0.09,0
S3,3.4,21.0,0.09,0
S1,5.1,3.0,0.14,0
S4,0.9,38.0,0.06,0
S2,1.9,39.0,0.04,0
S1,6.3,3.0,0.14,1
S1,26.7,17.0,0.14,1
S1,0.9,40.0,0.14,0
S4,0.7,30.0,0.06,0
S2,1.2,17.0,0.04,0
S3,4.2,34.0,0.09,0
S4,0.6,39.0,0.06,0
S3,0.3,16.0,0.09,0
S4,0.3,35.0,0.06,0
S1,30.8,16.0,0.14,1
S2,3.1,30.0,0.04,0
S3,5.4,31.0,0.09,0
S3,1.3,2.0,0.09,0
S2,0.8,16.0,0.04,0
S3,2.0,4.0,0.09,0
S2,0.4,14.0,0.04,0
S3,0.5,2.0,0.09,0
S1,3.1,36.0,0.14,0
S2,0.3,10.0,0.04,0
S3,3.3,35.0,0.09,0
S3,1.5,12.0,0.09,0
S3,1.9,13.0,0.09,0
S1,10.9,31.0,0.14,0
S3,3.2,29.0,0.09,0
S4,0.4,4.0,0.06,0
S1,3.0,24.0,0.14,0
S2,0.6,10.0,0.04,0
S4,1.1,35.0,0.06,0
S1,4.4,40.0,0.14,0
S1,1.4,14.0,0.14,0
S3,0.7,38.0,0.09,0
S1,2.7,22.0,0.14,0
S4,0.7,7.0,0.06,0
S2,0.7,2.0,0.04,0
S2,0.1,21.0,0.04,0
S3,0.6,27.0,0.09,1
S3,2.5,16.0,0.09,0
S2,1.0,10.0,0.04,0
S4,0.3,17.0,0.06,0
S2,1.4,34.0,0.04,0
S4,0.2,3.0,0.06,0
S2,1.5,37.0,0.04,0
S4,3.1,16.0,0.06,0
S2,0.3,12.0,0.04,0
S2,0.1,16.0,0.04,0
S1,3.6,2.0,0.14,1
S2,1.2,26.0,0.04,0
S1,7.5,8.0,0.14,0
S3,5.7,5.0,0.09,0
S1,0.9,33.0,0.14,0
S1,0.8,19.0,0.14,0
S4,2.1,31.0,0.06,0
S4,0.1,7.0,0.06,0
S3,10.5,40.0,0.09,1
S1,22.4,20.0,0.14,1
S1,4.5,33.0,0.14,0
S4,0.1,32.0,0.06,0
S1,1.1,17.0,0.14,0
S1,0.8,22.0,0.14,0
S3,12.1,27.0,0.09,0
S1,6.5,3.0,0.14,0
S2,0.1,6.0,0.04,0
S2,0.3,17.0,0.04,0
S2,2.0,28.0,0.04,0
S1,4.4,25.0,0.14,0
S1,13.5,16.0,0.14,0
S1,3.2,10.0,0.14,0
S3,1.9,3.0,0.09,0
S3,0.2,25.0,0.09,0
S1,11.3,40.0,0.14,0
S3,0.5,15.0,0.09,0
S2,0.1,38.0,0.04,0
S3,0.1,13.0,0.09,0
S1,21.2,40.0,0.14,1
S3,4.4,31.0,0.09,0
S2,0.1,35.0,0.04,0
S1,0.8,12.0,0.14,0
S3,0.3,40.0,0.09,0
S2,0.6,33.0,0.04,0
S4,2.0,4.0,0.06,0
S2,1.1,3.0,0.04,0
S2,0.3,26.0,0.04,0
S3,4.0,21.0,0.09,0
S1,4.6,37.0,0.14,1
S2,0.2,36.0,0.04,0
S1,0.6,31.0,0.14,0
S4,5.8,14.0,0.06,0
S4,0.1,8.0,0.06,0
S3,0.2,19.0,0.09,0
S1,5.3,37.0,0.14,0
S4,1.6,20.0,0.06,0
S3,4.6,32.0,0.09,0
S4,0.1,22.0,0.06,0
S1,10.9,37.0,0.14,0
S2,0.2,5.0,0.04,0
S1,9.1,27.0,0.14,0
S4,0.9,22.0,0.06,0
S1,0.0,30.0,0.14,0
S2,0.9,6.0,0.04,0
S4,1.2,26.0,0.06,0
S3,0.9,40.0,0.09,0
S2,0.3,25.0,0.04,0
S2,0.0,40.0,0.04,0
S4,0.6,29.0,0.06,0
S1,9.2,26.0,0.14,0
S1,3.2,21.0,0.14,0
S1,6.7,4.0,0.14,0
S4,0.4,22.0,0.06,0
S2,0.2,12.0,0.04,0
S4,0.0,37.0,0.06,0
S2,1.9,38.0,0.04,0
S4,0.0,15.0,0.06,0
S2,1.2,10.0,0.04,0
S4,1.2,31.0,0.06,0
S3,0.2,20.0,0.09,0
S2,1.3,34.0,0.04,0
S2,1.4,20.0,0.04,0
S2,2.2,2.0,0.04,0
S4,3.4,7.0,0.06,0
S3,3.3,18.0,0.09,0
S2,0.4,36.0,0.04,0
S2,0.7,29.0,0.04,0
S2,1.4,28.0,0.04,0
S1,4.3,28.0,0.14,0
S3,1.4,12.0,0.09,0
S2,0.3,13.0,0.04,0
S4,0.3,28.0,0.06,0
S2,2.3,15.0,0.04,0
S2,0.6,4.0,0.04,0
S2,0.8,37.0,0.04,0
S1,5.4,30.0,0.14,0
S2,0.1,31.0,0.04,0
S2,1.5,31.0,0.04,0
S4,0.2,16.0,0.06,0
S2,1.9,29.0,0.04,0
S4,2.8,31.0,0.06,1
S1,0.4,26.0,0.14,0
S2,0.3,10.0,0.04,0
S1,1.1,5.0,0.14,0
S2,0.1,22.0,0.04,0
S3,1.0,21.0,0.09,0
S2,0.3,23.0,0.04,0
S2,1.0,21.0,0.04,0
S1,21.0,20.0,0.14,0
S2,1.7,24.0,0.04,0
S4,0.1,17.0,0.06,0
S1,1.1,6.0,0.14,0
S4,1.1,34.0,0.06,0
S3,3.8,24.0,0.09,0
S2,0.9,31.0,0.04,0
S2,0.0,28.0,0.04,0
S3,4.1,39.0,0.09,0
S3,2.0,36.0,0.09,0
S4,2.2,39.0,0.06,1
S4,0.8,23.0,0.06,0
S1,4.3,19.0,0.14,1
S2,2.1,31.0,0.04,0
S1,26.3,34.0,0.14,1
S4,2.3,31.0,0.06,0
S4,0.7,35.0,0.06,0
S3,0.6,30.0,0.09,0
S2,0.2,17.0,0.04,0
S2,0.3,24.0,0.04,0
S2,1.4,25.0,0.04,0
S2,0.4,9.0,0.04,0
S4,0.7,9.0,0.06,0
S3,2.0,32.0,0.09,0
S3,3.8,33.0,0.09,0
S2,2.1,9.0,0.04,0
S1,1.6,2.0,0.14,0
S1,3.9,5.0,0.14,1
S3,1.0,19.0,0.09,0
S3,1.0,29.0,0.09,0
S2,0.1,38.0,0.04,0
S1,3.9,24.0,0.14,0
S1,2.6,2.0,0.14,0
S3,1.3,35.0,0.09,0
S1,2.0,28.0,0.14,0
S1,3.5,6.0,0.14,0
S3,0.3,18.0,0.09,0
S3,2.0,4.0,0.09,0
S2,0.9,6.0,0.04,0
S4,0.7,14.0,0.06,0
S1,0.1,2.0,0.14,0
S3,7.6,26.0,0.09,0
S4,1.1,35.0,0.06,0
S4,1.6,7.0,0.06,0
S4,0.7,13.0,0.06,0
S1,13.2,28.0,0.14,1
S4,0.5,38.0,0.06,0
S3,4.2,15.0,0.09,0
S2,1.4,4.0,0.04,0
S4,3.6,31.0,0.06,0
S2,0.1,20.0,0.04,0
S3,3.9,26.0,0.09,0
S3,0.2,27.0,0.09,0
S1,3.5,38.0,0.14,0
S1,10.7,26.0,0.14,0
S4,0.2,9.0,0.06,0
S1,5.8,24.0,0.14,0
S3,0.4,33.0,0.09,0
S4,2.5,32.0,0.06,0
S3,0.5,19.0,0.09,0
S2,0.5,24.0,0.04,0
S4,3.9,14.0,0.06,0
S4,0.2,7.0,0.06,0
S4,0.7,31.0,0.06,0
S1,0.4,24.0,0.14,0
S3,2.0,32.0,0.09,0
S3,3.5,29.0,0.09,1
S4,2.0,28.0,0.06,0
S3,0.0,13.0,0.09,0
S3,1.1,34.0,0.09,0
S2,1.8,10.0,0.04,0
S1,14.2,29.0,0.14,0
S2,1.5,16.0,0.04,0
S1,3.4,11.0,0.14,0
S2,0.1,8.0,0.04,0
S4,0.1,6.0,0.06,0
S4,1.6,40.0,0.06,0
S3,6.0,34.0,0.09,0
S4,0.0,39.0,0.06,0
S1,3.9,25.0,0.14,0
S2,0.9,12.0,0.04,0
S2,0.9,19.0,0.04,0
S4,1.4,40.0,0.06,0
S4,0.2,8.0,0.06,0
S1,9.1,27.0,0.14,0
S1,0.7,32.0,0.14,0
S4,4.2,37.0,0.06,0
S4,1.9,31.0,0.06,0
S1,4.7,26.0,0.14,0
S3,3.6,34.0,0.09,0
S2,0.7,33.0,0.04,0
S1,14.6,18.0,0.14,0
S4,1.0,19.0,0.06,0
S2,0.5,4.0,0.04,0
S2,2.5,40.0,0.04,0
S3,0.9,20.0,0.09,0
S4,1.0,5.0,0.06,0
S4,1.0,18.0,0.06,0
S4,1.8,5.0,0.06,0
S1,0.7,19.0,0.14,0
S3,1.3,22.0,0.09,0
S4,0.6,8.0,0.06,0
S3,0.3,11.0,0.09,0
S1,2.8,38.0,0.14,0
S2,0.3,12.0,0.04,0
S4,2.3,35.0,0.06,0
S1,3.5,16.0,0.14,0
S3,0.3,18.0,0.09,0
S1,0.4,9.0,0.14,0
S3,0.9,39.0,0.09,0
S4,1.6,30.0,0.06,0
S2,0.0,11.0,0.04,0
S3,0.8,29.0,0.09,0
S2,0.6,6.0,0.04,0
S3,2.7,9.0,0.09,0
S1,19.2,7.0,0.14,0
S3,4.4,39.0,0.09,0
S4,0.3,8.0,0.06,0
S4,0.1,36.0,0.06,0
S1,0.5,6.0,0.14,0
S1,4.7,8.0,0.14,0
S3,0.3,2.0,0.09,0
S4,1.6,35.0,0.06,0
S2,1.4,17.0,0.04,0
S4,1.6,23.0,0.06,0
S3,0.7,11.0,0.09,0
S3,1.4,18.0,0.09,0
S4,0.4,9.0,0.06,0
S4,0.8,20.0,0.06,0
S2,0.8,15.0,0.04,0
S2,0.3,16.0,0.04,0
S1,8.5,23.0,0.14,0
S1,6.4,28.0,0.14,0
S1,3.0,4.0,0.14,0
S2,1.8,6.0,0.04,0
S1,9.7,38.0,0.14,0
S3,1.6,19.0,0.09,0
S1,2.3,12.0,0.14,0
S2,1.4,3.0,0.04,0
S4,0.3,12.0,0.06,0
S2,2.4,37.0,0.04,0
S1,7.2,11.0,0.14,0
S3,3.2,27.0,0.09,0
S3,3.7,22.0,0.09,0
S4,3.7,34.0,0.06,0
S4,0.4,26.0,0.06,0
S2,2.1,13.0,0.04,0
S1,1.1,29.0,0.14,0
S4,1.0,26.0,0.06,0
S1,2.4,2.0,0.14,0
S4,0.0,34.0,0.06,0
S2,1.7,23.0,0.04,0
S2,2.7,27.0,0.04,0
S4,4.1,27.0,0.06,0
S4,1.4,9.0,0.06,0
S4,3.1,26.0,0.06,0
S2,4.2,6.0,0.04,0
S3,2.6,28.0,0.09,0
S3,0.6,10.0,0.09,0
S4,0.4,28.0,0.06,0
S3,3.4,39.0,0.09,0
S2,0.2,18.0,0.04,0
S3,4.6,21.0,0.09,0
S3,2.3,14.0,0.09,0
S4,0.4,32.0,0.06,0
S4,0.4,3.0,0.06,0
S2,0.3,22.0,0.04,0
S1,0.3,2.0,0.14,0
S3,5.0,4.0,0.09,1
S2,0.9,32.0,0.04,0
S3,0.4,33.0,0.09,0
S1,6.0,13.0,0.14,0
S2,1.7,31.0,0.04,0
S3,0.5,12.0,0.09,0
S1,9.2,31.0,0.14,0
S4,0.1,20.0,0.06,0
S3,7.0,9.0,0.09,1
S1,6.0,16.0,0.14,0
S4,0.2,22.0,0.06,0
S3,6.3,13.0,0.09,0
S2,0.4,11.0,0.04,0
S1,10.5,18.0,0.14,0
S3,2.1,30.0,0.09,0
S1,2.8,9.0,0.14,0
S2,0.1,36.0,0.04,0
S1,21.8,27.0,0.14,0
S3,4.3,26.0,0.09,0
S1,3.6,26.0,0.14,0
S3,2.9,38.0,0.09,0
S3,3.3,40.0,0.09,0
S2,0.3,22.0,0.04,0
S3,1.9,2.0,0.09,0
S4,0.5,16.0,0.06,0
S4,0.3,24.0,0.06,0
S3,1.0,37.0,0.09,0
S4,0.1,37.0,0.06,0
S2,0.6,5.0,0.04,0
S1,9.7,22.0,0.14,1
S4,0.2,31.0,0.06,0
S1,16.5,4.0,0.14,0
S4,0.1,29.0,0.06,0
S4,2.9,19.0,0.06,0
S2,0.3,16.0,0.04,0
S1,3.8,32.0,0.14,0
S3,1.9,14.0,0.09,0
S4,3.8,3.0,0.06,0
S4,0.9,31.0,0.06,0
S3,0.4,30.0,0.09,0
S2,1.9,5.0,0.04,0
S4,2.6,37.0,0.06,0
S2,0.3,17.0,0.04,0
S4,2.6,14.0,0.06,0
S2,0.3,36.0,0.04,0
S1,17.9,39.0,0.14,0
S1,22.7,19.0,0.14,0
S2,2.4,15.0,0.04,0
S2,1.0,14.0,0.04,0
S4,0.1,9.0,0.06,0
S2,0.4,22.0,0.04,0
S2,1.5,12.0,0.04,0
S3,7.9,28.0,0.09,0
S1,5.0,40.0,0.14,0
S4,0.5,30.0,0.06,0
S2,0.2,22.0,0.04,0
S2,0.4,40.0,0.04,0
S3,1.2,10.0,0.09,0
S1,9.3,3.0,0.14,0
S1,3.9,17.0,0.14,0
S4,0.1,10.0,0.06,0
S3,1.0,3.0,0.09,0
S4,0.2,31.0,0.06,0
S2,5.8,11.0,0.04,0
S2,5.1,36.0,0.04,0
S2,0.5,11.0,0.04,1
S4,3.0,39.0,0.06,0
S2,0.6,4.0,0.04,0
S1,1.5,29.0,0.14,0
S4,0.7,10.0,0.06,0
S3,3.9,4.0,0.09,0
S2,0.6,17.0,0.04,0
S3,0.5,4.0,0.09,0
S4,4.1,38.0,0.06,0
S3,1.7,18.0,0.09,0
S1,10.1,31.0,0.14,1
S3,5.4,29.0,0.09,1
S2,0.5,15.0,0.04,0
S1,7.2,37.0,0.14,0
S3,1.7,20.0,0.09,0
S2,0.2,29.0,0.04,0
S1,2.3,10.0,0.14,0
S3,7.4,2.0,0.09,0
S2,2.6,6.0,0.04,0
S2,0.2,37.0,0.04,0
S1,4.8,3.0,0.14,0
S1,1.6,15.0,0.14,0
S3,12.4,35.0,0.09,1
S4,0.3,11.0,0.06,0
S2,0.3,7.0,0.04,0
S4,0.6,22.0,0.06,0
S4,0.9,39.0,0.06,0
S3,2.0,4.0,0.09,0
S4,0.2,26.0,0.06,0
S4,1.4,7.0,0.06,0
S1,3.4,25.0,0.14,0
S3,1.5,30.0,0.09,1
S2,1.3,25.0,0.04,0
S3,3.8,33.0,0.09,0
S4,1.1,24.0,0.06,0
S2,0.3,31.0,0.04,0
S4,1.4,12.0,0.06,0
S2,0.9,29.0,0.04,0
S3,1.3,18.0,0.09,0
S2,1.0,4.0,0.04,0
S3,3.1,5.0,0.09,0
S2,2.1,19.0,0.04,0
S3,5.3,29.0,0.09,0
S3,3.1,16.0,0.09,0
S4,1.3,17.0,0.06,0
S1,12.9,10.0,0.14,0
S3,0.3,14.0,0.09,0
S3,1.5,3.0,0.09,0
S4,1.8,32.0,0.06,0
S3,4.6,30.0,0.09,0
S2,2.4,9.0,0.04,0
S2,0.7,34.0,0.04,0
S3,6.7,3.0,0.09,0
S3,0.6,31.0,0.09,0
S1,3.9,35.0,0.14,1
S2,0.6,15.0,0.04,0
S3,3.4,36.0,0.09,0
S2,0.0,27.0,0.04,0
S3,2.3,39.0,0.09,0
S2,2.2,22.0,0.04,0
S2,0.9,37.0,0.04,0
S4,4.8,12.0,0.06,0
S1,7.6,16.0,0.14,0
S3,6.5,22.0,0.09,0
S2,1.3,11.0,0.04,0
S4,1.8,20.0,0.06,0
S4,0.7,6.0,0.06,0
S4,0.6,3.0,0.06,0
S2,0.1,14.0,0.04,0
S3,4.4,19.0,0.09,0
S1,5.6,10.0,0.14,0
S2,0.6,10.0,0.04,0
S3,0.2,16.0,0.09,0
S4,2.8,18.0,0.06,0
S3,3.0,13.0,0.09,0
S3,2.0,8.0,0.09,0
S2,0.3,14.0,0.04,0
S4,0.7,5.0,0.06,0
S4,5.0,14.0,0.06,0
S2,1.5,36.0,0.04,0
S4,0.4,4.0,0.06,0
S2,0.0,33.0,0.04,0
S3,1.5,29.0,0.09,0
S3,3.0,18.0,0.09,0
S4,0.1,33.0,0.06,0
S4,0.3,32.0,0.06,0
S2,2.4,32.0,0.04,0
S1,1.3,15.0,0.14,0
S2,1.3,5.0,0.04,0
S2,0.2,23.0,0.04,0
S3,3.8,11.0,0.09,0
S1,7.5,30.0,0.14,0
S1,2.1,33.0,0.14,0
S4,1.4,17.0,0.06,0
S3,1.1,39.0,0.09,0
S1,5.2,4.0,0.14,0
S1,2.1,5.0,0.14,0
S1,0.1,13.0,0.14,0
S2,0.3,28.0,0.04,0
S1,12.8,17.0,0.14,1
S3,0.0,14.0,0.09,0
S1,13.7,37.0,0.14,0
S2,3.2,17.0,0.04,0
S2,0.4,5.0,0.04,0
S1,1.7,4.0,0.14,0
S2,0.1,37.0,0.04,0
S2,0.3,29.0,0.04,0
S2,0.0,36.0,0.04,0
S4,0.4,4.0,0.06,0
S4,1.5,9.0,0.06,0
S1,8.7,35.0,0.14,0
S4,0.8,25.0,0.06,0
S2,0.3,40.0,0.04,0
S2,0.1,38.0,0.04,0
S2,0.5,34.0,0.04,0
S2,0.0,37.0,0.04,0
S1,2.3,39.0,0.14,0
S4,0.5,8.0,0.06,0
S1,25.7,30.0,0.14,1
S3,1.8,5.0,0.09,0
S3,0.3,13.0,0.09,0
S4,1.4,10.0,0.06,0
S3,1.9,31.0,0.09,0
S1,0.8,37.0,0.14,0
S4,0.0,40.0,0.06,0
S4,2.8,33.0,0.06,0
S4,0.7,25.0,0.06,0
S1,3.8,23.0,0.14,0
S2,0.0,32.0,0.04,0
S4,2.2,6.0,0.06,0
S2,0.0,16.0,0.04,0
S3,0.2,27.0,0.09,0
S3,0.1,9.0,0.09,0
S3,5.2,28.0,0.09,0
S2,0.2,21.0,0.04,0
S4,2.6,3.0,0.06,0
S2,0.1,17.0,0.04,0
S4,0.1,26.0,0.06,0
S2,2.2,15.0,0.04,0
S2,0.8,34.0,0.04,0
S3,1.1,29.0,0.09,0
S4,0.9,11.0,0.06,0
S4,2.0,24.0,0.06,1
S3,1.0,30.0,0.09,0
S4,0.1,19.0,0.06,0
S1,6.2,18.0,0.14,0
S1,0.6,29.0,0.14,0
S3,5.0,11.0,0.09,0
S4,0.8,17.0,0.06,0
S1,6.5,16.0,0.14,0
S1,7.9,6.0,0.14,0
S3,4.0,13.0,0.09,0
S2,0.2,5.0,0.04,0
S1,1.0,32.0,0.14,0
S2,3.0,27.0,0.04,1
S3,1.1,38.0,0.09,0
S2,0.7,32.0,0.04,0
S3,2.0,39.0,0.09,0
S1,15.0,10.0,0.14,0
S2,0.7,23.0,0.04,0
S4,0.9,10.0,0.06,0
S1,5.1,27.0,0.14,0
S4,1.0,5.0,0.06,0
S3,3.5,24.0,0.09,1
S2,0.4,6.0,0.04,0
S3,1.5,38.0,0.09,0
S3,6.7,25.0,0.09,0
S4,1.9,5.0,0.06,0
S3,0.2,19.0,0.09,0
S4,0.3,14.0,0.06,0
S2,0.6,16.0,0.04,0
S4,2.0,9.0,0.06,0
S1,16.3,16.0,0.14,0
S2,1.2,21.0,0.04,0
S3,2.0,7.0,0.09,1
S2,0.2,25.0,0.04,0
S2,0.7,39.0,0.04,0
S2,0.7,20.0,0.04,0
S1,6.1,5.0,0.14,0
S4,0.6,25.0,0.06,0
S2,0.5,10.0,0.04,0
S2,0.1,33.0,0.04,0
S4,1.4,15.0,0.06,0
S1,10.8,6.0,0.14,0
S2,2.5,28.0,0.04,0
S1,11.2,37.0,0.14,0
S3,0.4,36.0,0.09,0
S3,2.3,19.0,0.09,0
S4,1.3,4.0,0.06,0
S2,3.6,39.0,0.04,0
S4,0.4,25.0,0.06,0
S2,1.1,5.0,0.04,0
S2,4.1,18.0,0.04,0
S4,1.2,33.0,0.06,0
S2,1.0,2.0,0.04,0
S2,1.0,4.0,0.04,0
S4,3.7,30.0,0.06,0
S2,0.6,9.0,0.04,0
S3,6.8,21.0,0.09,0
S3,0.2,24.0,0.09,0
S1,3.1,25.0,0.14,0
S1,6.8,9.0,0.14,0
S2,1.3,36.0,0.04,0
S3,0.3,30.0,0.09,0
S4,0.7,12.0,0.06,0
S4,0.0,34.0,0.06,0
S2,0.5,20.0,0.04,0
S3,8.1,35.0,0.09,0
S4,1.1,29.0,0.06,0
S2,0.1,21.0,0.04,0
S4,0.1,31.0,0.06,0
S2,0.4,11.0,0.04,0
S4,0.7,23.0,0.06,0
S4,1.6,23.0,0.06,0
S1,2.2,17.0,0.14,0
S1,21.1,19.0,0.14,0
S2,0.5,20.0,0.04,0
S2,0.1,15.0,0.04,0
S3,0.2,14.0,0.09,0
S4,0.2,29.0,0.06,0
S1,21.8,31.0,0.14,1
S1,7.6,11.0,0.14,0
S1,1.0,17.0,0.14,0
S4,1.9,36.0,0.06,0
S3,3.5,39.0,0.09,0
S3,1.2,11.0,0.09,0
S2,1.9,17.0,0.04,0
S2,0.0,26.0,0.04,0
S4,2.5,37.0,0.06,0
S4,0.7,32.0,0.06,0
S3,1.0,24.0,0.09,0
S1,5.1,36.0,0.14,0
S3,0.2,37.0,0.09,0
S4,5.3,23.0,0.06,0
S4,2.4,4.0,0.06,0
S4,0.5,34.0,0.06,0
S2,3.3,17.0,0.04,0
S3,1.7,10.0,0.09,0
S4,0.7,6.0,0.06,0
S1,3.9,7.0,0.14,0
S4,0.9,7.0,0.06,0
S1,0.2,24.0,0.14,0
S1,4.0,6.0,0.14,0
S4,1.1,26.0,0.06,0
S3,1.5,26.0,0.09,0
S4,5.6,23.0,0.06,1
S3,2.6,27.0,0.09,0
S3,4.4,39.0,0.09,0
S3,12.2,9.0,0.09,0
S4,0.4,3.0,0.06,0
S2,1.4,36.0,0.04,0
S4,2.0,12.0,0.06,0
S1,5.7,28.0,0.14,0
S2,0.4,28.0,0.04,0
S3,3.0,15.0,0.09,0
S4,0.7,9.0,0.06,0
S3,0.8,12.0,0.09,0
S4,0.0,40.0,0.06,0
S2,0.5,12.0,0.04,0
S3,1.1,14.0,0.09,0
S4,0.5,8.0,0.06,0
S2,0.5,22.0,0.04,0
S2,0.3,21.0,0.04,0
S2,2.8,24.0,0.04,0
S2,1.0,31.0,0.04,0
S1,7.7,28.0,0.14,0
S2,2.2,36.0,0.04,1
S3,0.9,28.0,0.09,0
S4,0.4,15.0,0.06,0
S1,0.2,34.0,0.14,0
S1,14.5,33.0,0.14,0
S1,4.9,33.0,0.14,0
S1,0.7,39.0,0.14,0
S4,0.9,24.0,0.06,0
S2,0.3,29.0,0.04,0
S2,2.0,12.0,0.04,0
S3,0.7,25.0,0.09,0
S1,0.9,24.0,0.14,0
S2,0.2,8.0,0.04,0
S1,2.5,17.0,0.14,0
S2,2.8,28.0,0.04,0
S4,1.4,14.0,0.06,0
S1,0.8,3.0,0.14,0
S1,9.4,19.0,0.14,0
S4,2.2,3.0,0.06,0
S3,2.2,15.0,0.09,0
S2,0.4,38.0,0.04,0
S4,0.1,40.0,0.06,0